sn,name,price
1,Ginger,107.00
2,Ginger,105.00
3,Ginger,105.00
4,Ginger,103.00
5,Ginger,107.00
6,Ginger,105.00
7,Ginger,107.00
8,Ginger,105.00
9,Ginger,107.00
10,Ginger,103.00
11,Ginger,107.00
12,Ginger,105.00
13,Ginger,107.00
14,Ginger,107.00
15,Ginger,103.00
16,Ginger,127.00
17,Ginger,127.00
18,Ginger,127.00
19,Ginger,127.00
20,Ginger,125.00
21,Ginger,125.00
22,Ginger,127.00
23,Ginger,128.00
24,Ginger,127.00
25,Ginger,127.00
26,Ginger,123.00
27,Ginger,120.00
28,Ginger,116.00
29,Ginger,117.00
30,Ginger,115.00
31,Ginger,116.00
32,Ginger,116.00
33,Ginger,116.00
34,Ginger,115.00
35,Ginger,117.00
36,Ginger,117.00
37,Ginger,120.00
38,Ginger,117.00
39,Ginger,117.00
40,Ginger,117.00
41,Ginger,117.00
42,Ginger,117.00
43,Ginger,117.00
44,Ginger,115.00
45,Ginger,117.00
46,Ginger,117.00
47,Ginger,127.00
48,Ginger,120.00
49,Ginger,117.00
50,Ginger,117.00
51,Ginger,127.00
52,Ginger,127.00
53,Ginger,127.00
54,Ginger,127.00
55,Ginger,127.00
56,Ginger,127.00
57,Ginger,130.00
58,Ginger,130.00
59,Ginger,130.00
60,Ginger,127.00
61,Ginger,137.00
62,Ginger,147.00
63,Ginger,146.00
64,Ginger,147.00
65,Ginger,157.00
66,Ginger,157.00
67,Ginger,147.00
68,Ginger,177.00
69,Ginger,197.00
70,Ginger,195.00
71,Ginger,195.00
72,Ginger,190.00
73,Ginger,175.00
74,Ginger,175.00
75,Ginger,183.00
76,Ginger,187.00
77,Ginger,177.00
78,Ginger,197.00
79,Ginger,185.00
80,Ginger,175.00
81,Ginger,185.00
82,Ginger,185.00
83,Ginger,177.00
84,Ginger,177.00
85,Ginger,175.00
86,Ginger,175.00
87,Ginger,175.00
88,Ginger,187.00
89,Ginger,177.00
90,Ginger,177.00
91,Ginger,177.00
92,Ginger,197.00
93,Ginger,197.00
94,Ginger,197.00
95,Ginger,197.00
96,Ginger,197.00
97,Ginger,197.00
98,Ginger,197.00
99,Ginger,197.00
100,Ginger,193.00
101,Ginger,197.00
102,Ginger,187.00
103,Ginger,187.00
104,Ginger,187.00
105,Ginger,183.00
106,Ginger,197.00
107,Ginger,195.00
108,Ginger,197.00
109,Ginger,190.00
110,Ginger,187.00
111,Ginger,197.00
112,Ginger,193.00
113,Ginger,195.00
114,Ginger,193.00
115,Ginger,187.00
116,Ginger,183.00
117,Ginger,187.00
118,Ginger,197.00
119,Ginger,207.00
120,Ginger,207.00
121,Ginger,215.00
122,Ginger,203.00
123,Ginger,207.00
124,Ginger,207.00
125,Ginger,207.00
126,Ginger,207.00
127,Ginger,207.00
128,Ginger,207.00
129,Ginger,207.00
130,Ginger,207.00
131,Ginger,210.00
132,Ginger,217.00
133,Ginger,187.00
134,Ginger,177.00
135,Ginger,173.00
136,Ginger,150.00
137,Ginger,147.00
138,Ginger,150.00
139,Ginger,150.00
140,Ginger,140.00
141,Ginger,147.00
142,Ginger,148.00
143,Ginger,157.00
144,Ginger,145.00
145,Ginger,147.00
146,Ginger,157.00
147,Ginger,153.00
148,Ginger,167.00
149,Ginger,167.00
150,Ginger,163.00
151,Ginger,176.00
152,Ginger,177.00
153,Ginger,167.00
154,Ginger,167.00
155,Ginger,167.00
156,Ginger,164.00
157,Ginger,167.00
158,Ginger,166.00
159,Ginger,167.00
160,Ginger,167.00
161,Ginger,157.00
162,Ginger,157.00
163,Ginger,153.00
164,Ginger,143.00
165,Ginger,146.00
166,Ginger,147.00
167,Ginger,147.00
168,Ginger,146.00
169,Ginger,147.00
170,Ginger,147.00
171,Ginger,137.00
172,Ginger,136.00
173,Ginger,137.00
174,Ginger,137.00
175,Ginger,153.00
176,Ginger,147.00
177,Ginger,147.00
178,Ginger,147.00
179,Ginger,146.00
180,Ginger,146.00
181,Ginger,146.00
182,Ginger,146.00
183,Ginger,137.00
184,Ginger,137.00
185,Ginger,127.00
186,Ginger,126.00
187,Ginger,126.00
188,Ginger,127.00
189,Ginger,137.00
190,Ginger,137.00
191,Ginger,123.00
192,Ginger,127.00
193,Ginger,126.00
194,Ginger,127.00
195,Ginger,123.00
196,Ginger,147.00
197,Ginger,147.00
198,Ginger,147.00
199,Ginger,137.00
200,Ginger,147.00
201,Ginger,137.00
202,Ginger,136.00
203,Ginger,147.00
204,Ginger,148.00
205,Ginger,147.00
206,Ginger,136.00
207,Ginger,137.00
208,Ginger,136.00
209,Ginger,137.00
210,Ginger,127.00
211,Ginger,123.00
212,Ginger,127.00
213,Ginger,126.00
214,Ginger,127.00
215,Ginger,123.00
216,Ginger,123.00
217,Ginger,125.00
218,Ginger,117.00
219,Ginger,117.00
220,Ginger,106.00
221,Ginger,107.00
222,Ginger,103.00
223,Ginger,105.00
224,Ginger,97.00
225,Ginger,97.00
226,Ginger,97.00
227,Ginger,117.00
228,Ginger,117.00
229,Ginger,97.00
230,Ginger,93.00
231,Ginger,87.00
232,Ginger,87.00
233,Ginger,87.00
234,Ginger,87.00
235,Ginger,87.00
236,Ginger,87.00
237,Ginger,87.00
238,Ginger,87.00
239,Ginger,87.00
240,Ginger,87.00
241,Ginger,78.00
242,Ginger,78.00
243,Ginger,78.00
244,Ginger,80.00
245,Ginger,87.00
246,Ginger,87.00
247,Ginger,87.00
248,Ginger,86.00
249,Ginger,87.00
250,Ginger,87.00
251,Ginger,78.00
252,Ginger,78.00
253,Ginger,78.00
254,Ginger,78.00
255,Ginger,78.00
256,Ginger,77.00
257,Ginger,77.00
258,Ginger,76.00
259,Ginger,77.00
260,Ginger,77.00
261,Ginger,77.00
262,Ginger,74.00
263,Ginger,77.00
264,Ginger,77.00
265,Ginger,76.00
266,Ginger,77.00
267,Ginger,77.00
268,Ginger,76.00
269,Ginger,77.00
270,Ginger,77.00
271,Ginger,70.00
272,Ginger,75.00
273,Ginger,77.00
274,Ginger,77.00
275,Ginger,77.00
276,Ginger,76.00
277,Ginger,75.00
278,Ginger,77.00
279,Ginger,76.00
280,Ginger,75.00
281,Ginger,77.00
282,Ginger,77.00
283,Ginger,77.00
284,Ginger,77.00
285,Ginger,77.00
286,Ginger,76.00
287,Ginger,77.00
288,Ginger,58.00
289,Ginger,70.00
290,Ginger,68.00
291,Ginger,63.00
292,Ginger,67.00
293,Ginger,66.00
294,Ginger,67.00
295,Ginger,63.00
296,Ginger,67.00
297,Ginger,59.00
298,Ginger,60.00
299,Ginger,58.00
300,Ginger,58.00
301,Ginger,58.00
302,Ginger,63.00
303,Ginger,60.00
304,Ginger,59.00
305,Ginger,56.00
306,Ginger,55.00
307,Ginger,55.00
308,Ginger,56.00
309,Ginger,55.00
310,Ginger,56.00
311,Ginger,56.00
312,Ginger,58.00
313,Ginger,55.00
314,Ginger,58.00
315,Ginger,58.00
316,Ginger,58.00
317,Ginger,58.00
318,Ginger,58.00
319,Ginger,58.00
320,Ginger,58.00
321,Ginger,67.00
322,Ginger,67.00
323,Ginger,67.00
324,Ginger,65.00
325,Ginger,66.00
326,Ginger,76.00
327,Ginger,77.00
328,Ginger,67.00
329,Ginger,67.00
330,Ginger,66.00
331,Ginger,67.00
332,Ginger,67.00
333,Ginger,67.00
334,Ginger,66.00
335,Ginger,67.00
336,Ginger,61.00
337,Ginger,65.00
338,Ginger,62.00
339,Ginger,60.00
340,Ginger,60.00
341,Ginger,61.00
342,Ginger,66.00
343,Ginger,60.00
344,Ginger,61.00
345,Ginger,59.00
346,Ginger,60.00
347,Ginger,61.00
348,Ginger,58.00
349,Ginger,63.00
350,Ginger,59.00
351,Ginger,60.00
352,Ginger,72.00
353,Ginger,73.00
354,Ginger,67.00
355,Ginger,67.00
356,Ginger,68.00
357,Ginger,69.00
358,Ginger,67.00
359,Ginger,67.00
360,Ginger,67.00
361,Ginger,77.00
362,Ginger,77.00
363,Ginger,76.00
364,Ginger,77.00
365,Ginger,77.00
366,Ginger,73.00
367,Ginger,73.00
368,Ginger,73.00
369,Ginger,77.00
370,Ginger,77.00
371,Ginger,77.00
372,Ginger,77.00
373,Ginger,81.00
374,Ginger,77.00
375,Ginger,77.00
376,Ginger,77.00
377,Ginger,77.00
378,Ginger,74.00
379,Ginger,86.00
380,Ginger,87.00
381,Ginger,87.00
382,Ginger,87.00
383,Ginger,87.00
384,Ginger,87.00
385,Ginger,86.00
386,Ginger,85.00
387,Ginger,93.00
388,Ginger,93.00
389,Ginger,93.00
390,Ginger,93.00
391,Ginger,90.00
392,Ginger,86.00
393,Ginger,86.00
394,Ginger,86.00
395,Ginger,86.00
396,Ginger,87.00
397,Ginger,87.00
398,Ginger,87.00
399,Ginger,83.00
400,Ginger,83.00
401,Ginger,75.00
402,Ginger,77.00
403,Ginger,77.00
404,Ginger,76.00
405,Ginger,75.00
406,Ginger,75.00
407,Ginger,77.00
408,Ginger,77.00
409,Ginger,73.00
410,Ginger,75.00
411,Ginger,76.00
412,Ginger,76.00
413,Ginger,85.00
414,Ginger,85.00
415,Ginger,85.00
416,Ginger,77.00
417,Ginger,77.00
418,Ginger,76.00
419,Ginger,65.00
420,Ginger,77.00
421,Ginger,75.00
422,Ginger,75.00
423,Ginger,77.00
424,Ginger,75.00
425,Ginger,77.00
426,Ginger,77.00
427,Ginger,77.00
428,Ginger,76.00
429,Ginger,74.00
430,Ginger,74.00
431,Ginger,76.00
432,Ginger,80.00
433,Ginger,76.00
434,Ginger,75.00
435,Ginger,74.00
436,Ginger,75.00
437,Ginger,75.00
438,Ginger,75.00
439,Ginger,75.00
440,Ginger,75.00
441,Ginger,75.00
442,Ginger,75.00
443,Ginger,74.00
444,Ginger,75.00
445,Ginger,75.00
446,Ginger,75.00
447,Ginger,75.00
448,Ginger,75.00
449,Ginger,74.00
450,Ginger,75.00
451,Ginger,75.00
452,Ginger,75.00
453,Ginger,78.00
454,Ginger,75.00
455,Ginger,75.00
456,Ginger,75.00
457,Ginger,75.00
458,Ginger,95.00
459,Ginger,95.00
460,Ginger,93.00
461,Ginger,105.00
462,Ginger,95.00
463,Ginger,102.00
464,Ginger,105.00
465,Ginger,95.00
466,Ginger,94.00
467,Ginger,99.00
468,Ginger,94.00
469,Ginger,95.00
470,Ginger,95.00
471,Ginger,95.00
472,Ginger,95.00
473,Ginger,95.00
474,Ginger,99.00
475,Ginger,94.00
476,Ginger,95.00
477,Ginger,95.00
478,Ginger,95.00
479,Ginger,96.00
480,Ginger,95.00
481,Ginger,100.00
482,Ginger,95.00
483,Ginger,93.00
484,Ginger,95.00
485,Ginger,94.00
486,Ginger,95.00
487,Ginger,95.00
488,Ginger,99.00
489,Ginger,95.00
490,Ginger,95.00
491,Ginger,96.00
492,Ginger,94.00
493,Ginger,95.00
494,Ginger,95.00
495,Ginger,93.00
496,Ginger,95.00
497,Ginger,94.00
498,Ginger,105.00
499,Ginger,96.00
500,Ginger,95.00
501,Ginger,95.00
502,Ginger,99.00
503,Ginger,95.00
504,Ginger,95.00
505,Ginger,95.00
506,Ginger,95.00
507,Ginger,95.00
508,Ginger,95.00
509,Ginger,99.00
510,Ginger,95.00
511,Ginger,95.00
512,Ginger,95.00
513,Ginger,95.00
514,Ginger,95.00
515,Ginger,95.00
516,Ginger,96.00
517,Ginger,95.00
518,Ginger,95.00
519,Ginger,95.00
520,Ginger,85.00
521,Ginger,84.00
522,Ginger,85.00
523,Ginger,86.00
524,Ginger,85.00
525,Ginger,85.00
526,Ginger,85.00
527,Ginger,85.00
528,Ginger,95.00
529,Ginger,95.00
530,Ginger,96.00
531,Ginger,105.00
532,Ginger,105.00
533,Ginger,105.00
534,Ginger,105.00
535,Ginger,105.00
536,Ginger,105.00
537,Ginger,136.00
538,Ginger,146.00
539,Ginger,125.00
540,Ginger,115.00
541,Ginger,110.00
542,Ginger,110.00
543,Ginger,110.00
544,Ginger,110.00
545,Ginger,112.00
546,Ginger,110.00
547,Ginger,110.00
548,Ginger,110.00
549,Ginger,110.00
550,Ginger,105.00
551,Ginger,100.00
552,Ginger,105.00
553,Ginger,105.00
554,Ginger,105.00
555,Ginger,105.00
556,Ginger,105.00
557,Ginger,105.00
558,Ginger,103.00
559,Ginger,105.00
560,Ginger,105.00
561,Ginger,103.00
562,Ginger,105.00
563,Ginger,105.00
564,Ginger,95.00
565,Ginger,90.00
566,Ginger,95.00
567,Ginger,95.00
568,Ginger,90.00
569,Ginger,85.00
570,Ginger,85.00
571,Ginger,85.00
572,Ginger,84.00
573,Ginger,85.00
574,Ginger,85.00
575,Ginger,75.00
576,Ginger,75.00
577,Ginger,75.00
578,Ginger,75.00
579,Ginger,75.00
580,Ginger,75.00
581,Ginger,75.00
582,Ginger,76.00
583,Ginger,75.00
584,Ginger,75.00
585,Ginger,75.00
586,Ginger,75.00
587,Ginger,75.00
588,Ginger,70.00
589,Ginger,70.00
590,Ginger,70.00
591,Ginger,70.00
592,Ginger,70.00
593,Ginger,65.00
594,Ginger,65.00
595,Ginger,64.00
596,Ginger,65.00
597,Ginger,65.00
598,Ginger,65.00
599,Ginger,64.00
600,Ginger,66.00
601,Ginger,65.00
602,Ginger,65.00
603,Ginger,65.00
604,Ginger,65.00
605,Ginger,65.00
606,Ginger,65.00
607,Ginger,63.00
608,Ginger,65.00
609,Ginger,65.00
610,Ginger,65.00
611,Ginger,65.00
612,Ginger,69.00
613,Ginger,65.00
614,Ginger,75.00
615,Ginger,75.00
616,Ginger,75.00
617,Ginger,75.00
618,Ginger,75.00
619,Ginger,75.00
620,Ginger,75.00
621,Ginger,76.00
622,Ginger,75.00
623,Ginger,65.00
624,Ginger,65.00
625,Ginger,65.00
626,Ginger,65.00
627,Ginger,65.00
628,Ginger,67.00
629,Ginger,65.00
630,Ginger,65.00
631,Ginger,65.00
632,Ginger,65.00
633,Ginger,55.00
634,Ginger,54.00
635,Ginger,53.00
636,Ginger,55.00
637,Ginger,55.00
638,Ginger,55.00
639,Ginger,55.00
640,Ginger,55.00
641,Ginger,55.00
642,Ginger,53.00
643,Ginger,55.00
644,Ginger,55.00
645,Ginger,55.00
646,Ginger,55.00
647,Ginger,55.00
648,Ginger,55.00
649,Ginger,53.00
650,Ginger,55.00
651,Ginger,55.00
652,Ginger,55.00
653,Ginger,55.00
654,Ginger,55.00
655,Ginger,56.00
656,Ginger,53.00
657,Ginger,55.00
658,Ginger,56.00
659,Ginger,55.00
660,Ginger,48.00
661,Ginger,55.00
662,Ginger,55.00
663,Ginger,55.00
664,Ginger,55.00
665,Ginger,55.00
666,Ginger,55.00
667,Ginger,55.00
668,Ginger,55.00
669,Ginger,55.00
670,Ginger,56.00
671,Ginger,55.00
672,Ginger,55.00
673,Ginger,55.00
674,Ginger,55.00
675,Ginger,55.00
676,Ginger,55.00
677,Ginger,54.00
678,Ginger,55.00
679,Ginger,45.00
680,Ginger,45.00
681,Ginger,45.00
682,Ginger,45.00
683,Ginger,45.00
684,Ginger,45.00
685,Ginger,45.00
686,Ginger,45.00
687,Ginger,45.00
688,Ginger,45.00
689,Ginger,45.00
690,Ginger,45.00
691,Ginger,46.00
692,Ginger,45.00
693,Ginger,45.00
694,Ginger,45.00
695,Ginger,45.00
696,Ginger,45.00
697,Ginger,44.00
698,Ginger,45.00
699,Ginger,45.00
700,Ginger,45.00
701,Ginger,45.00
702,Ginger,45.00
703,Ginger,45.00
704,Ginger,45.00
705,Ginger,45.00
706,Ginger,55.00
707,Ginger,55.00
708,Ginger,55.00
709,Ginger,55.00
710,Ginger,55.00
711,Ginger,55.00
712,Ginger,53.00
713,Ginger,55.00
714,Ginger,55.00
715,Ginger,55.00
716,Ginger,55.00
717,Ginger,55.00
718,Ginger,55.00
719,Ginger,56.00
720,Ginger,55.00
721,Ginger,55.00
722,Ginger,55.00
723,Ginger,55.00
724,Ginger,55.00
725,Ginger,57.00
726,Ginger,55.00
727,Ginger,56.00
728,Ginger,56.00
729,Ginger,55.00
730,Ginger,55.00
731,Ginger,56.00
732,Ginger,54.00
733,Ginger,59.00
734,Ginger,55.00
735,Ginger,55.00
736,Ginger,55.00
737,Ginger,55.00
738,Ginger,54.00
739,Ginger,55.00
740,Ginger,55.00
741,Ginger,54.00
742,Ginger,55.00
743,Ginger,55.00
744,Ginger,55.00
745,Ginger,54.00
746,Ginger,55.00
747,Ginger,55.00
748,Ginger,55.00
749,Ginger,55.00
750,Ginger,55.00
751,Ginger,55.00
752,Ginger,65.00
753,Ginger,55.00
754,Ginger,55.00
755,Ginger,55.00
756,Ginger,55.00
757,Ginger,53.00
758,Ginger,54.00
759,Ginger,56.00
760,Ginger,55.00
761,Ginger,65.00
762,Ginger,65.00
763,Ginger,66.00
764,Ginger,65.00
765,Ginger,65.00
766,Ginger,65.00
767,Ginger,65.00
768,Ginger,65.00
769,Ginger,65.00
770,Ginger,65.00
771,Ginger,65.00
772,Ginger,65.00
773,Ginger,65.00
774,Ginger,65.00
775,Ginger,65.00
776,Ginger,75.00
777,Ginger,75.00
778,Ginger,75.00
779,Ginger,75.00
780,Ginger,76.00
781,Ginger,73.00
782,Ginger,75.00
783,Ginger,75.00
784,Ginger,75.00
785,Ginger,75.00
786,Ginger,74.00
787,Ginger,74.00
788,Ginger,75.00
789,Ginger,75.00
790,Ginger,75.00
791,Ginger,75.00
792,Ginger,65.00
793,Ginger,65.00
794,Ginger,65.00
795,Ginger,75.00
796,Ginger,75.00
797,Ginger,75.00
798,Ginger,75.00
799,Ginger,86.00
800,Ginger,75.00
801,Ginger,74.00
802,Ginger,75.00
803,Ginger,65.00
804,Ginger,65.00
805,Ginger,65.00
806,Ginger,65.00
807,Ginger,65.00
808,Ginger,65.00
809,Ginger,65.00
810,Ginger,65.00
811,Ginger,65.00
812,Ginger,65.00
813,Ginger,65.00
814,Ginger,65.00
815,Ginger,64.00
816,Ginger,65.00
817,Ginger,65.00
818,Ginger,65.00
819,Ginger,65.00
820,Ginger,65.00
821,Ginger,65.00
822,Ginger,64.00
823,Ginger,65.00
824,Ginger,64.00
825,Ginger,64.00
826,Ginger,65.00
827,Ginger,65.00
828,Ginger,65.00
829,Ginger,64.00
830,Ginger,65.00
831,Ginger,65.00
832,Ginger,65.00
833,Ginger,65.00
834,Ginger,65.00
835,Ginger,65.00
836,Ginger,66.00
837,Ginger,65.00
838,Ginger,65.00
839,Ginger,65.00
840,Ginger,65.00
841,Ginger,65.00
842,Ginger,65.00
843,Ginger,66.00
844,Ginger,65.00
845,Ginger,65.00
846,Ginger,65.00
847,Ginger,65.00
848,Ginger,65.00
849,Ginger,65.00
850,Ginger,66.00
851,Ginger,65.00
852,Ginger,63.00
853,Ginger,65.00
854,Ginger,66.00
855,Ginger,65.00
856,Ginger,65.00
857,Ginger,66.00
858,Ginger,65.00
859,Ginger,65.00
860,Ginger,65.00
861,Ginger,65.00
862,Ginger,65.00
863,Ginger,65.00
864,Ginger,64.00
865,Ginger,65.00
866,Ginger,65.00
867,Ginger,65.00
868,Ginger,65.00
869,Ginger,65.00
870,Ginger,65.00
871,Ginger,65.00
872,Ginger,65.00
873,Ginger,66.00
874,Ginger,65.00
875,Ginger,68.00
876,Ginger,68.00
877,Ginger,68.00
878,Ginger,68.00
879,Ginger,68.00
880,Ginger,68.00
881,Ginger,68.00
882,Ginger,68.00
883,Ginger,68.00
884,Ginger,68.00
885,Ginger,68.00
886,Ginger,68.00
887,Ginger,68.00
888,Ginger,68.00
889,Ginger,68.00
890,Ginger,68.00
891,Ginger,68.00
892,Ginger,68.00
893,Ginger,68.00
894,Ginger,68.00
895,Ginger,68.00
896,Ginger,68.00
897,Ginger,64.00
898,Ginger,68.00
899,Ginger,67.00
900,Ginger,68.00
901,Ginger,68.00
902,Ginger,68.00
903,Ginger,67.00
904,Ginger,68.00
905,Ginger,65.00
906,Ginger,65.00
907,Ginger,65.00
908,Ginger,66.00
909,Ginger,65.00
910,Ginger,65.00
911,Ginger,65.00
912,Ginger,65.00
913,Ginger,64.00
914,Ginger,65.00
915,Ginger,65.00
916,Ginger,65.00
917,Ginger,65.00
918,Ginger,62.00
919,Ginger,75.00
920,Ginger,75.00
921,Ginger,75.00
922,Ginger,75.00
923,Ginger,76.00
924,Ginger,76.00
925,Ginger,75.00
926,Ginger,75.00
927,Ginger,75.00
928,Ginger,75.00
929,Ginger,75.00
930,Ginger,75.00
931,Ginger,75.00
932,Ginger,75.00
933,Ginger,75.00
934,Ginger,75.00
935,Ginger,75.00
936,Ginger,75.00
937,Ginger,75.00
938,Ginger,75.00
939,Ginger,75.00
940,Ginger,75.00
941,Ginger,75.00
942,Ginger,75.00
943,Ginger,75.00
944,Ginger,75.00
945,Ginger,75.00
946,Ginger,75.00
947,Ginger,75.00
948,Ginger,74.00
949,Ginger,75.00
950,Ginger,65.00
951,Ginger,65.00
952,Ginger,65.00
953,Ginger,67.00
954,Ginger,65.00
955,Ginger,66.00
956,Ginger,65.00
957,Ginger,65.00
958,Ginger,55.00
959,Ginger,55.00
960,Ginger,55.00
961,Ginger,56.00
962,Ginger,54.00
963,Ginger,55.00
964,Ginger,55.00
965,Ginger,55.00
966,Ginger,55.00
967,Ginger,55.00
968,Ginger,55.00
969,Ginger,55.00
970,Ginger,52.00
971,Ginger,55.00
972,Ginger,55.00
973,Ginger,55.00
974,Ginger,55.00
975,Ginger,55.00
976,Ginger,55.00
977,Ginger,55.00
978,Ginger,55.00
979,Ginger,55.00
980,Ginger,55.00
981,Ginger,56.00
982,Ginger,55.00
983,Ginger,55.00
984,Ginger,55.00
985,Ginger,55.00
986,Ginger,55.00
987,Ginger,55.00
988,Ginger,55.00
989,Ginger,55.00
990,Ginger,55.00
991,Ginger,55.00
992,Ginger,55.00
993,Ginger,55.00
994,Ginger,55.00
995,Ginger,55.00
996,Ginger,55.00
997,Ginger,55.00
998,Ginger,55.00
999,Ginger,55.00
1000,Ginger,55.00
1001,Ginger,55.00
1002,Ginger,55.00
1003,Ginger,55.00
1004,Ginger,55.00
1005,Ginger,55.00
1006,Ginger,55.00
1007,Ginger,55.00
1008,Ginger,55.00
1009,Ginger,56.00
1010,Ginger,56.00
1011,Ginger,56.00
1012,Ginger,55.00
1013,Ginger,55.00
1014,Ginger,55.00
1015,Ginger,55.00
1016,Ginger,55.00
1017,Ginger,55.00
1018,Ginger,54.00
1019,Ginger,55.00
1020,Ginger,55.00
1021,Ginger,55.00
1022,Ginger,45.00
1023,Ginger,45.00
1024,Ginger,43.00
1025,Ginger,46.00
1026,Ginger,45.00
1027,Ginger,45.00
1028,Ginger,45.00
1029,Ginger,42.00
1030,Ginger,45.00
1031,Ginger,46.00
1032,Ginger,46.00
1033,Ginger,45.00
1034,Ginger,45.00
1035,Ginger,45.00
1036,Ginger,46.00
1037,Ginger,42.00
1038,Ginger,45.00
1039,Ginger,43.00
1040,Ginger,45.00
1041,Ginger,45.00
1042,Ginger,46.00
1043,Ginger,55.00
1044,Ginger,46.00
1045,Ginger,45.00
1046,Ginger,46.00
1047,Ginger,45.00
1048,Ginger,45.00
1049,Ginger,46.00
1050,Ginger,45.00
1051,Ginger,45.00
1052,Ginger,45.00
1053,Ginger,48.00
1054,Ginger,48.00
1055,Ginger,46.00
1056,Ginger,45.00
1057,Ginger,45.00
1058,Ginger,45.00
1059,Ginger,45.00
1060,Ginger,46.00
1061,Ginger,45.00
1062,Ginger,48.00
1063,Ginger,45.00
1064,Ginger,45.00
1065,Ginger,45.00
1066,Ginger,46.00
1067,Ginger,45.00
1068,Ginger,45.00
1069,Ginger,45.00
1070,Ginger,45.00
1071,Ginger,45.00
1072,Ginger,45.00
1073,Ginger,45.00
1074,Ginger,46.00
1075,Ginger,45.00
1076,Ginger,45.00
1077,Ginger,45.00
1078,Ginger,45.00
1079,Ginger,45.00
1080,Ginger,45.00
1081,Ginger,45.00
1082,Ginger,45.00
1083,Ginger,45.00
1084,Ginger,45.00
1085,Ginger,45.00
1086,Ginger,46.00
1087,Ginger,45.00
1088,Ginger,45.00
1089,Ginger,46.00
1090,Ginger,45.00
1091,Ginger,44.00
1092,Ginger,45.00
1093,Ginger,47.00
1094,Ginger,45.00
1095,Ginger,46.00
1096,Ginger,45.00
1097,Ginger,45.00
1098,Ginger,48.00
1099,Ginger,49.00
1100,Ginger,45.00
1101,Ginger,45.00
1102,Ginger,45.00
1103,Ginger,45.00
1104,Ginger,45.00
1105,Ginger,43.00
1106,Ginger,47.00
1107,Ginger,45.00
1108,Ginger,45.00
1109,Ginger,47.00
1110,Ginger,46.00
1111,Ginger,48.00
1112,Ginger,48.00
1113,Ginger,48.00
1114,Ginger,48.00
1115,Ginger,48.00
1116,Ginger,48.00
1117,Ginger,48.00
1118,Ginger,48.00
1119,Ginger,48.00
1120,Ginger,48.00
1121,Ginger,48.00
1122,Ginger,48.00
1123,Ginger,47.00
1124,Ginger,47.00
1125,Ginger,47.00
1126,Ginger,48.00
1127,Ginger,48.00
1128,Ginger,48.00
1129,Ginger,48.00
1130,Ginger,48.00
1131,Ginger,48.00
1132,Ginger,48.00
1133,Ginger,48.00
1134,Ginger,48.00
1135,Ginger,48.00
1136,Ginger,48.00
1137,Ginger,48.00
1138,Ginger,47.00
1139,Ginger,48.00
1140,Ginger,48.00
1141,Ginger,47.00
1142,Ginger,48.00
1143,Ginger,48.00
1144,Ginger,48.00
1145,Ginger,52.00
1146,Ginger,52.00
1147,Ginger,52.00
1148,Ginger,53.00
1149,Ginger,52.00
1150,Ginger,58.00
1151,Ginger,58.00
1152,Ginger,58.00
1153,Ginger,58.00
1154,Ginger,58.00
1155,Ginger,57.00
1156,Ginger,58.00
1157,Ginger,58.00
1158,Ginger,58.00
1159,Ginger,58.00
1160,Ginger,58.00
1161,Ginger,57.00
1162,Ginger,58.00
1163,Ginger,58.00
1164,Ginger,58.00
1165,Ginger,58.00
1166,Ginger,58.00
1167,Ginger,58.00
1168,Ginger,58.00
1169,Ginger,58.00
1170,Ginger,58.00
1171,Ginger,58.00
1172,Ginger,58.00
1173,Ginger,58.00
1174,Ginger,58.00
1175,Ginger,58.00
1176,Ginger,58.00
1177,Ginger,58.00
1178,Ginger,58.00
1179,Ginger,58.00
1180,Ginger,58.00
1181,Ginger,58.00
1182,Ginger,58.00
1183,Ginger,58.00
1184,Ginger,57.00
1185,Ginger,57.00
1186,Ginger,58.00
1187,Ginger,58.00
1188,Ginger,58.00
1189,Ginger,58.00
1190,Ginger,62.00
1191,Ginger,62.00
1192,Ginger,62.00
1193,Ginger,62.00
1194,Ginger,62.00
1195,Ginger,52.00
1196,Ginger,52.00
1197,Ginger,52.00
1198,Ginger,52.00
1199,Ginger,52.00
1200,Ginger,53.00
1201,Ginger,52.00
1202,Ginger,52.00
1203,Ginger,52.00
1204,Ginger,52.00
1205,Ginger,52.00
1206,Ginger,53.00
1207,Ginger,52.00
1208,Ginger,52.00
1209,Ginger,52.00
1210,Ginger,52.00
1211,Ginger,52.00
1212,Ginger,52.00
1213,Ginger,52.00
1214,Ginger,52.00
1215,Ginger,52.00
1216,Ginger,52.00
1217,Ginger,52.00
1218,Ginger,54.00
1219,Ginger,53.00
1220,Ginger,53.00
1221,Ginger,52.00
1222,Ginger,52.00
1223,Ginger,52.00
1224,Ginger,53.00
1225,Ginger,52.00
1226,Ginger,52.00
1227,Ginger,53.00
1228,Ginger,52.00
1229,Ginger,52.00
1230,Ginger,52.00
1231,Ginger,53.00
1232,Ginger,52.00
1233,Ginger,52.00
1234,Ginger,52.00
1235,Ginger,52.00
1236,Ginger,53.00
1237,Ginger,52.00
1238,Ginger,52.00
1239,Ginger,52.00
1240,Ginger,52.00
1241,Ginger,52.00
1242,Ginger,52.00
1243,Ginger,52.00
1244,Ginger,52.00
1245,Ginger,52.00
1246,Ginger,52.00
1247,Ginger,52.00
1248,Ginger,52.00
1249,Ginger,52.00
1250,Ginger,62.00
1251,Ginger,63.00
1252,Ginger,62.00
1253,Ginger,62.00
1254,Ginger,62.00
1255,Ginger,62.00
1256,Ginger,62.00
1257,Ginger,63.00
1258,Ginger,68.00
1259,Ginger,68.00
1260,Ginger,68.00
1261,Ginger,68.00
1262,Ginger,68.00
1263,Ginger,62.00
1264,Ginger,62.00
1265,Ginger,63.00
1266,Ginger,63.00
1267,Ginger,52.00
1268,Ginger,52.00
1269,Ginger,52.00
1270,Ginger,52.00
1271,Ginger,51.00
1272,Ginger,52.00
1273,Ginger,53.00
1274,Ginger,52.00
1275,Ginger,54.00
1276,Ginger,52.00
1277,Ginger,52.00
1278,Ginger,52.00
1279,Ginger,52.00
1280,Ginger,54.00
1281,Ginger,52.00
1282,Ginger,52.00
1283,Ginger,52.00
1284,Ginger,52.00
1285,Ginger,52.00
1286,Ginger,52.00
1287,Ginger,52.00
1288,Ginger,52.00
1289,Ginger,52.00
1290,Ginger,52.00
1291,Ginger,52.00
1292,Ginger,52.00
1293,Ginger,52.00
1294,Ginger,52.00
1295,Ginger,52.00
1296,Ginger,52.00
1297,Ginger,53.00
1298,Ginger,52.00
1299,Ginger,52.00
1300,Ginger,53.00
1301,Ginger,52.00
1302,Ginger,52.00
1303,Ginger,52.00
1304,Ginger,52.00
1305,Ginger,52.00
1306,Ginger,52.00
1307,Ginger,53.00
1308,Ginger,52.00
1309,Ginger,52.00
1310,Ginger,52.00
1311,Ginger,52.00
1312,Ginger,52.00
1313,Ginger,52.00
1314,Ginger,52.00
1315,Ginger,52.00
1316,Ginger,52.00
1317,Ginger,52.00
1318,Ginger,52.00
1319,Ginger,52.00
1320,Ginger,52.00
1321,Ginger,52.00
1322,Ginger,52.00
1323,Ginger,52.00
1324,Ginger,52.00
1325,Ginger,52.00
1326,Ginger,52.00
1327,Ginger,52.00
1328,Ginger,52.00
1329,Ginger,52.00
1330,Ginger,52.00
1331,Ginger,52.00
1332,Ginger,52.00
1333,Ginger,48.00
1334,Ginger,47.00
1335,Ginger,48.00
1336,Ginger,47.00
1337,Ginger,52.00
1338,Ginger,52.00
1339,Ginger,52.00
1340,Ginger,52.00
1341,Ginger,52.00
1342,Ginger,52.00
1343,Ginger,52.00
1344,Ginger,52.00
1345,Ginger,52.00
1346,Ginger,52.00
1347,Ginger,52.00
1348,Ginger,52.00
1349,Ginger,52.00
1350,Ginger,53.00
1351,Ginger,52.00
1352,Ginger,52.00
1353,Ginger,52.00
1354,Ginger,52.00
1355,Ginger,52.00
1356,Ginger,52.00
1357,Ginger,53.00
1358,Ginger,52.00
1359,Ginger,52.00
1360,Ginger,52.00
1361,Ginger,52.00
1362,Ginger,52.00
1363,Ginger,52.00
1364,Ginger,52.00
1365,Ginger,52.00
1366,Ginger,52.00
1367,Ginger,52.00
1368,Ginger,52.00
1369,Ginger,52.00
1370,Ginger,52.00
1371,Ginger,52.00
1372,Ginger,52.00
1373,Ginger,42.00
1374,Ginger,42.00
1375,Ginger,42.00
1376,Ginger,42.00
1377,Ginger,43.00
1378,Ginger,42.00
1379,Ginger,42.00
1380,Ginger,42.00
1381,Ginger,42.00
1382,Ginger,42.00
1383,Ginger,42.00
1384,Ginger,43.00
1385,Ginger,48.00
1386,Ginger,48.00
1387,Ginger,48.00
1388,Ginger,48.00
1389,Ginger,48.00
1390,Ginger,48.00
1391,Ginger,48.00
1392,Ginger,48.00
1393,Ginger,48.00
1394,Ginger,48.00
1395,Ginger,47.00
1396,Ginger,48.00
1397,Ginger,48.00
1398,Ginger,48.00
1399,Ginger,48.00
1400,Ginger,48.00
1401,Ginger,48.00
1402,Ginger,48.00
1403,Ginger,48.00
1404,Ginger,48.00
1405,Ginger,48.00
1406,Ginger,48.00
1407,Ginger,48.00
1408,Ginger,48.00
1409,Ginger,48.00
1410,Ginger,48.00
1411,Ginger,48.00
1412,Ginger,48.00
1413,Ginger,48.00
1414,Ginger,48.00
1415,Ginger,48.00
1416,Ginger,48.00
1417,Ginger,48.00
1418,Ginger,48.00
1419,Ginger,48.00
1420,Ginger,48.00
1421,Ginger,48.00
1422,Ginger,48.00
1423,Ginger,48.00
1424,Ginger,48.00
1425,Ginger,48.00
1426,Ginger,48.00
1427,Ginger,48.00
1428,Ginger,48.00
1429,Ginger,48.00
1430,Ginger,48.00
1431,Ginger,48.00
1432,Ginger,48.00
1433,Ginger,48.00
1434,Ginger,48.00
1435,Ginger,48.00
1436,Ginger,48.00
1437,Ginger,48.00
1438,Ginger,48.00
1439,Ginger,48.00
1440,Ginger,48.00
1441,Ginger,52.00
1442,Ginger,52.00
1443,Ginger,52.00
1444,Ginger,52.00
1445,Ginger,65.00
1446,Ginger,52.00
1447,Ginger,52.00
1448,Ginger,52.00
1449,Ginger,58.00
1450,Ginger,62.00
1451,Ginger,62.00
1452,Ginger,63.00
1453,Ginger,62.00
1454,Ginger,62.00
1455,Ginger,52.00
1456,Ginger,58.00
1457,Ginger,52.00
1458,Ginger,52.00
1459,Ginger,53.00
1460,Ginger,52.00
1461,Ginger,53.00
1462,Ginger,52.00
1463,Ginger,52.00
1464,Ginger,52.00
1465,Ginger,52.00
1466,Ginger,52.00
1467,Ginger,58.00
1468,Ginger,58.00
1469,Ginger,58.00
1470,Ginger,58.00
1471,Ginger,58.00
1472,Ginger,58.00
1473,Ginger,58.00
1474,Ginger,58.00
1475,Ginger,58.00
1476,Ginger,58.00
1477,Ginger,58.00
1478,Ginger,58.00
1479,Ginger,58.00
1480,Ginger,58.00
1481,Ginger,58.00
1482,Ginger,58.00
1483,Ginger,58.00
1484,Ginger,58.00
1485,Ginger,58.00
1486,Ginger,58.00
1487,Ginger,58.00
1488,Ginger,58.00
1489,Ginger,58.00
1490,Ginger,58.00
1491,Ginger,58.00
1492,Ginger,58.00
1493,Ginger,58.00
1494,Ginger,58.00
1495,Ginger,58.00
1496,Ginger,58.00
1497,Ginger,58.00
1498,Ginger,58.00
1499,Ginger,58.00
1500,Ginger,58.00
1501,Ginger,58.00
1502,Ginger,92.00
1503,Ginger,98.00
1504,Ginger,98.00
1505,Ginger,98.00
1506,Ginger,98.00
1507,Ginger,98.00
1508,Ginger,98.00
1509,Ginger,98.00
1510,Ginger,98.00
1511,Ginger,97.00
1512,Ginger,98.00
1513,Ginger,97.00
1514,Ginger,88.00
1515,Ginger,88.00
1516,Ginger,88.00
1517,Ginger,88.00
1518,Ginger,98.00
1519,Ginger,98.00
1520,Ginger,98.00
1521,Ginger,98.00
1522,Ginger,98.00
1523,Ginger,82.00
1524,Ginger,88.00
1525,Ginger,87.00
1526,Ginger,82.00
1527,Ginger,83.00
1528,Ginger,82.00
1529,Ginger,83.00
1530,Ginger,82.00
1531,Ginger,81.00
1532,Ginger,82.00
1533,Ginger,86.00
1534,Ginger,86.00
1535,Ginger,82.00
1536,Ginger,83.00
1537,Ginger,85.00
1538,Ginger,85.00
1539,Ginger,85.00
1540,Ginger,85.00
1541,Ginger,86.00
1542,Ginger,98.00
1543,Ginger,98.00
1544,Ginger,98.00
1545,Ginger,104.00
1546,Ginger,105.00
1547,Ginger,105.00
1548,Ginger,105.00
1549,Ginger,105.00
1550,Ginger,105.00
1551,Ginger,105.00
1552,Ginger,105.00
1553,Ginger,105.00
1554,Ginger,105.00
1555,Ginger,105.00
1556,Ginger,105.00
1557,Ginger,105.00
1558,Ginger,105.00
1559,Ginger,105.00
1560,Ginger,105.00
1561,Ginger,105.00
1562,Ginger,105.00
1563,Ginger,95.00
1564,Ginger,95.00
1565,Ginger,95.00
1566,Ginger,105.00
1567,Ginger,98.00
1568,Ginger,98.00
1569,Ginger,98.00
1570,Ginger,98.00
1571,Ginger,98.00
1572,Ginger,98.00
1573,Ginger,95.00
1574,Ginger,98.00
1575,Ginger,98.00
1576,Ginger,98.00
1577,Ginger,98.00
1578,Ginger,98.00
1579,Ginger,98.00
1580,Ginger,98.00
1581,Ginger,98.00
1582,Ginger,98.00
1583,Ginger,98.00
1584,Ginger,98.00
1585,Ginger,98.00
1586,Ginger,98.00
1587,Ginger,98.00
1588,Ginger,98.00
1589,Ginger,105.00
1590,Ginger,105.00
1591,Ginger,105.00
1592,Ginger,105.00
1593,Ginger,105.00
1594,Ginger,105.00
1595,Ginger,105.00
1596,Ginger,105.00
1597,Ginger,105.00
1598,Ginger,105.00
1599,Ginger,105.00
1600,Ginger,105.00
1601,Ginger,105.00
1602,Ginger,105.00
1603,Ginger,105.00
1604,Ginger,105.00
1605,Ginger,105.00
1606,Ginger,105.00
1607,Ginger,105.00
1608,Ginger,105.00
1609,Ginger,105.00
1610,Ginger,155.00
1611,Ginger,155.00
1612,Ginger,155.00
1613,Ginger,155.00
1614,Ginger,155.00
1615,Ginger,155.00
1616,Ginger,155.00
1617,Ginger,138.00
1618,Ginger,135.00
1619,Ginger,145.00
1620,Ginger,155.00
1621,Ginger,155.00
1622,Ginger,155.00
1623,Ginger,155.00
1624,Ginger,155.00
1625,Ginger,155.00
1626,Ginger,155.00
1627,Ginger,155.00
1628,Ginger,145.00
1629,Ginger,145.00
1630,Ginger,145.00
1631,Ginger,145.00
1632,Ginger,145.00
1633,Ginger,145.00
1634,Ginger,145.00
1635,Ginger,135.00
1636,Ginger,125.00
1637,Ginger,125.00
1638,Ginger,125.00
1639,Ginger,115.00
1640,Ginger,125.00
1641,Ginger,125.00
1642,Ginger,105.00
1643,Ginger,105.00
1644,Ginger,105.00
1645,Ginger,105.00
1646,Ginger,105.00
1647,Ginger,105.00
1648,Ginger,105.00
1649,Ginger,105.00
1650,Ginger,95.00
1651,Ginger,95.00
1652,Ginger,95.00
1653,Ginger,95.00
1654,Ginger,95.00
1655,Ginger,95.00
1656,Ginger,95.00
1657,Ginger,95.00
1658,Ginger,95.00
1659,Ginger,95.00
1660,Ginger,95.00
1661,Ginger,95.00
1662,Ginger,95.00
1663,Ginger,95.00
1664,Ginger,95.00
1665,Ginger,95.00
1666,Ginger,95.00
1667,Ginger,95.00
1668,Ginger,95.00
1669,Ginger,95.00
1670,Ginger,95.00
1671,Ginger,95.00
1672,Ginger,95.00
1673,Ginger,95.00
1674,Ginger,95.00
1675,Ginger,95.00
1676,Ginger,98.00
1677,Ginger,98.00
1678,Ginger,98.00
1679,Ginger,105.00
1680,Ginger,105.00
1681,Ginger,95.00
1682,Ginger,105.00
1683,Ginger,105.00
1684,Ginger,105.00
1685,Ginger,105.00
1686,Ginger,105.00
1687,Ginger,98.00
1688,Ginger,98.00
1689,Ginger,98.00
1690,Ginger,98.00
1691,Ginger,98.00
1692,Ginger,98.00
1693,Ginger,98.00
1694,Ginger,98.00
1695,Ginger,98.00
1696,Ginger,98.00
1697,Ginger,98.00
1698,Ginger,98.00
1699,Ginger,98.00
1700,Ginger,98.00
1701,Ginger,98.00
1702,Ginger,98.00
1703,Ginger,98.00
1704,Ginger,98.00
1705,Ginger,98.00
1706,Ginger,98.00
1707,Ginger,98.00
1708,Ginger,98.00
1709,Ginger,98.00
1710,Ginger,98.00
1711,Ginger,98.00
1712,Ginger,98.00
1713,Ginger,98.00
1714,Ginger,98.00
1715,Ginger,105.00
1716,Ginger,105.00
1717,Ginger,105.00
1718,Ginger,105.00
1719,Ginger,105.00
1720,Ginger,105.00
1721,Ginger,105.00
1722,Ginger,105.00
1723,Ginger,105.00
1724,Ginger,105.00
1725,Ginger,105.00
1726,Ginger,105.00
1727,Ginger,108.00
1728,Ginger,105.00
1729,Ginger,108.00
1730,Ginger,108.00
1731,Ginger,108.00
1732,Ginger,108.00
1733,Ginger,115.00
1734,Ginger,115.00
1735,Ginger,115.00
1736,Ginger,108.00
1737,Ginger,115.00
1738,Ginger,115.00
1739,Ginger,115.00
1740,Ginger,115.00
1741,Ginger,115.00
1742,Ginger,115.00
1743,Ginger,115.00
1744,Ginger,115.00
1745,Ginger,115.00
1746,Ginger,115.00
1747,Ginger,115.00
1748,Ginger,115.00
1749,Ginger,115.00
1750,Ginger,115.00
1751,Ginger,115.00
1752,Ginger,125.00
1753,Ginger,125.00
1754,Ginger,115.00
1755,Ginger,115.00
1756,Ginger,115.00
1757,Ginger,115.00
1758,Ginger,115.00
1759,Ginger,115.00
1760,Ginger,115.00
1761,Ginger,115.00
1762,Ginger,115.00
1763,Ginger,115.00
1764,Ginger,113.00
1765,Ginger,115.00
1766,Ginger,115.00
1767,Ginger,115.00
1768,Ginger,115.00
1769,Ginger,115.00
1770,Ginger,115.00
1771,Ginger,115.00
1772,Ginger,115.00
1773,Ginger,115.00
1774,Ginger,135.00
1775,Ginger,115.00
1776,Ginger,135.00
1777,Ginger,155.00
1778,Ginger,155.00
1779,Ginger,157.00
1780,Ginger,155.00
1781,Ginger,155.00
1782,Ginger,155.00
1783,Ginger,155.00
1784,Ginger,155.00
1785,Ginger,155.00
1786,Ginger,155.00
1787,Ginger,155.00
1788,Ginger,155.00
1789,Ginger,155.00
1790,Ginger,155.00
1791,Ginger,155.00
1792,Ginger,155.00
1793,Ginger,157.00
1794,Ginger,155.00
1795,Ginger,155.00
1796,Ginger,155.00
1797,Ginger,155.00
1798,Ginger,155.00
1799,Ginger,155.00
1800,Ginger,155.00
1801,Ginger,155.00
1802,Ginger,155.00
1803,Ginger,155.00
1804,Ginger,155.00
1805,Ginger,155.00
1806,Ginger,155.00
1807,Ginger,155.00
1808,Ginger,155.00
1809,Ginger,155.00
1810,Ginger,155.00
1811,Ginger,155.00
1812,Ginger,155.00
1813,Ginger,155.00
1814,Ginger,155.00
1815,Ginger,145.00
1816,Ginger,155.00
1817,Ginger,155.00
1818,Ginger,155.00
1819,Ginger,155.00
1820,Ginger,135.00
1821,Ginger,145.00
1822,Ginger,145.00
1823,Ginger,145.00
1824,Ginger,145.00
1825,Ginger,145.00
1826,Ginger,145.00
1827,Ginger,145.00
1828,Ginger,145.00
1829,Ginger,145.00
1830,Ginger,145.00
1831,Ginger,145.00
1832,Ginger,145.00
1833,Ginger,145.00
1834,Ginger,145.00
1835,Ginger,145.00
1836,Ginger,145.00
1837,Ginger,145.00
1838,Ginger,145.00
1839,Ginger,145.00
1840,Ginger,155.00
1841,Ginger,155.00
1842,Ginger,155.00
1843,Ginger,155.00
1844,Ginger,175.00
1845,Ginger,155.00
1846,Ginger,155.00
1847,Ginger,155.00
1848,Ginger,155.00
1849,Ginger,155.00
1850,Ginger,155.00
1851,Ginger,155.00
1852,Ginger,145.00
1853,Ginger,145.00
1854,Ginger,145.00
1855,Ginger,145.00
1856,Ginger,145.00
1857,Ginger,165.00
1858,Ginger,165.00
1859,Ginger,165.00
1860,Ginger,165.00
1861,Ginger,165.00
1862,Ginger,165.00
1863,Ginger,165.00
1864,Ginger,165.00
1865,Ginger,165.00
1866,Ginger,165.00
1867,Ginger,165.00
1868,Ginger,165.00
1869,Ginger,165.00
1870,Ginger,195.00
1871,Ginger,195.00
1872,Ginger,195.00
1873,Ginger,195.00
1874,Ginger,195.00
1875,Ginger,195.00
1876,Ginger,195.00
1877,Ginger,205.00
1878,Ginger,205.00
1879,Ginger,210.00
1880,Ginger,210.00
1881,Ginger,210.00
1882,Ginger,210.00
1883,Ginger,210.00
1884,Ginger,210.00
1885,Ginger,210.00
1886,Ginger,210.00
1887,Ginger,195.00
1888,Ginger,195.00
1889,Ginger,195.00
1890,Ginger,195.00
1891,Ginger,195.00
1892,Ginger,195.00
1893,Ginger,195.00
1894,Ginger,195.00
1895,Ginger,195.00
1896,Ginger,195.00
1897,Ginger,195.00
1898,Ginger,195.00
1899,Ginger,195.00
1900,Ginger,195.00
1901,Ginger,195.00
1902,Ginger,195.00
1903,Ginger,195.00
1904,Ginger,195.00
1905,Ginger,195.00
1906,Ginger,195.00
1907,Ginger,195.00
1908,Ginger,195.00
1909,Ginger,195.00
1910,Ginger,195.00
1911,Ginger,195.00
1912,Ginger,195.00
1913,Ginger,195.00
1914,Ginger,195.00
1915,Ginger,195.00
1916,Ginger,195.00
1917,Ginger,195.00
1918,Ginger,195.00
1919,Ginger,195.00
1920,Ginger,195.00
1921,Ginger,195.00
1922,Ginger,195.00
1923,Ginger,195.00
1924,Ginger,197.00
1925,Ginger,195.00
1926,Ginger,195.00
1927,Ginger,195.00
1928,Ginger,195.00
1929,Ginger,195.00
1930,Ginger,195.00
1931,Ginger,195.00
1932,Ginger,195.00
1933,Ginger,195.00
1934,Ginger,195.00
1935,Ginger,195.00
1936,Ginger,195.00
1937,Ginger,195.00
1938,Ginger,195.00
1939,Ginger,195.00
1940,Ginger,195.00
1941,Ginger,235.00
1942,Ginger,235.00
1943,Ginger,235.00
1944,Ginger,235.00
1945,Ginger,235.00
1946,Ginger,235.00
1947,Ginger,235.00
1948,Ginger,235.00
1949,Ginger,235.00
1950,Ginger,235.00
1951,Ginger,235.00
1952,Ginger,235.00
1953,Ginger,225.00
1954,Ginger,225.00
1955,Ginger,225.00
1956,Ginger,225.00
1957,Ginger,125.00
1958,Ginger,225.00
1959,Ginger,225.00
1960,Ginger,225.00
1961,Ginger,225.00
1962,Ginger,225.00
1963,Ginger,225.00
1964,Ginger,225.00
1965,Ginger,225.00
1966,Ginger,225.00
1967,Ginger,225.00
1968,Ginger,225.00
1969,Ginger,225.00
1970,Ginger,225.00
1971,Ginger,225.00
1972,Ginger,225.00
1973,Ginger,225.00
1974,Ginger,225.00
1975,Ginger,225.00
1976,Ginger,225.00
1977,Ginger,225.00
1978,Ginger,225.00
1979,Ginger,225.00
1980,Ginger,225.00
1981,Ginger,125.00
1982,Ginger,225.00
1983,Ginger,225.00
1984,Ginger,225.00
1985,Ginger,225.00
1986,Ginger,225.00
1987,Ginger,225.00
1988,Ginger,225.00
1989,Ginger,225.00
1990,Ginger,225.00
1991,Ginger,225.00
1992,Ginger,225.00
1993,Ginger,225.00
1994,Ginger,225.00
1995,Ginger,225.00
1996,Ginger,225.00
1997,Ginger,225.00
1998,Ginger,225.00
1999,Ginger,195.00
2000,Ginger,195.00
2001,Ginger,195.00
2002,Ginger,195.00
2003,Ginger,195.00
2004,Ginger,195.00
2005,Ginger,195.00
2006,Ginger,195.00
2007,Ginger,195.00
2008,Ginger,195.00
2009,Ginger,165.00
2010,Ginger,155.00
2011,Ginger,155.00
2012,Ginger,155.00
2013,Ginger,155.00
2014,Ginger,155.00
2015,Ginger,195.00
2016,Ginger,195.00
2017,Ginger,195.00
2018,Ginger,195.00
2019,Ginger,195.00
2020,Ginger,275.00
2021,Ginger,145.00
2022,Ginger,245.00
2023,Ginger,245.00
2024,Ginger,195.00
2025,Ginger,195.00
2026,Ginger,195.00
2027,Ginger,195.00
2028,Ginger,195.00
2029,Ginger,155.00
2030,Ginger,155.00
2031,Ginger,155.00
2032,Ginger,145.00
2033,Ginger,155.00
2034,Ginger,155.00
2035,Ginger,155.00
2036,Ginger,155.00
2037,Ginger,155.00
2038,Ginger,155.00
2039,Ginger,155.00
2040,Ginger,145.00
2041,Ginger,145.00
2042,Ginger,145.00
2043,Ginger,145.00
2044,Ginger,145.00
2045,Ginger,145.00
2046,Ginger,145.00
2047,Ginger,145.00
2048,Ginger,145.00
2049,Ginger,145.00
2050,Ginger,145.00
2051,Ginger,145.00
2052,Ginger,145.00
2053,Ginger,145.00
2054,Ginger,145.00
2055,Ginger,145.00
2056,Ginger,145.00
2057,Ginger,145.00
2058,Ginger,145.00
2059,Ginger,145.00
2060,Ginger,145.00
2061,Ginger,145.00
2062,Ginger,145.00
2063,Ginger,145.00
2064,Ginger,145.00
2065,Ginger,145.00
2066,Ginger,145.00
2067,Ginger,145.00
2068,Ginger,125.00
2069,Ginger,125.00
2070,Ginger,125.00
2071,Ginger,125.00
2072,Ginger,125.00
2073,Ginger,125.00
2074,Ginger,125.00
2075,Ginger,125.00
2076,Ginger,125.00
2077,Ginger,115.00
2078,Ginger,115.00
2079,Ginger,115.00
2080,Ginger,115.00
2081,Ginger,115.00
2082,Ginger,115.00
2083,Ginger,108.00
2084,Ginger,115.00
2085,Ginger,115.00
2086,Ginger,115.00
2087,Ginger,115.00
2088,Ginger,115.00
2089,Ginger,115.00
2090,Ginger,115.00
2091,Ginger,115.00
2092,Ginger,115.00
2093,Ginger,115.00
2094,Ginger,115.00
2095,Ginger,115.00
2096,Ginger,115.00
2097,Ginger,115.00
2098,Ginger,115.00
2099,Ginger,115.00
2100,Ginger,115.00
2101,Ginger,115.00
2102,Ginger,115.00
2103,Ginger,115.00
2104,Ginger,115.00
2105,Ginger,115.00
2106,Ginger,115.00
2107,Ginger,115.00
2108,Ginger,115.00
2109,Ginger,115.00
2110,Ginger,115.00
2111,Ginger,115.00
2112,Ginger,115.00
2113,Ginger,115.00
2114,Ginger,105.00
2115,Ginger,105.00
2116,Ginger,105.00
2117,Ginger,105.00
2118,Ginger,105.00
2119,Ginger,105.00
2120,Ginger,105.00
2121,Ginger,105.00
2122,Ginger,105.00
2123,Ginger,115.00
2124,Ginger,115.00
2125,Ginger,115.00
2126,Ginger,115.00
2127,Ginger,115.00
2128,Ginger,115.00
2129,Ginger,115.00
2130,Ginger,115.00
2131,Ginger,115.00
2132,Ginger,115.00
2133,Ginger,115.00
2134,Ginger,115.00
2135,Ginger,115.00
2136,Ginger,115.00
2137,Ginger,115.00
2138,Ginger,115.00
2139,Ginger,115.00
2140,Ginger,115.00
2141,Ginger,115.00
2142,Ginger,115.00
2143,Ginger,115.00
2144,Ginger,115.00
2145,Ginger,115.00
2146,Ginger,115.00
2147,Ginger,115.00
2148,Ginger,115.00
2149,Ginger,115.00
2150,Ginger,120.00
2151,Ginger,115.00
2152,Ginger,115.00
2153,Ginger,115.00
2154,Ginger,115.00
2155,Ginger,115.00
2156,Ginger,115.00
2157,Ginger,115.00
2158,Ginger,115.00
2159,Ginger,115.00
2160,Ginger,115.00
2161,Ginger,115.00
2162,Ginger,115.00
2163,Ginger,115.00
2164,Ginger,115.00
2165,Ginger,115.00
2166,Ginger,165.00
2167,Ginger,115.00
2168,Ginger,115.00
2169,Ginger,115.00
2170,Ginger,115.00
2171,Ginger,115.00
2172,Ginger,115.00
2173,Ginger,115.00
2174,Ginger,115.00
2175,Ginger,115.00
2176,Ginger,115.00
2177,Ginger,115.00
2178,Ginger,115.00
2179,Ginger,115.00
2180,Ginger,115.00
2181,Ginger,125.00
2182,Ginger,125.00
2183,Ginger,125.00
2184,Ginger,125.00
2185,Ginger,125.00
2186,Ginger,125.00
2187,Ginger,125.00
2188,Ginger,125.00
2189,Ginger,155.00
2190,Ginger,155.00
2191,Ginger,155.00
2192,Ginger,155.00
2193,Ginger,155.00
2194,Ginger,155.00
2195,Ginger,155.00
2196,Ginger,155.00
2197,Ginger,155.00
2198,Ginger,155.00
2199,Ginger,155.00
2200,Ginger,155.00
2201,Ginger,155.00
2202,Ginger,155.00
2203,Ginger,155.00
2204,Ginger,155.00
2205,Ginger,155.00
2206,Ginger,155.00
2207,Ginger,155.00
2208,Ginger,155.00
2209,Ginger,155.00
2210,Ginger,155.00
2211,Ginger,155.00
2212,Ginger,185.00
2213,Ginger,185.00
2214,Ginger,285.00
2215,Ginger,195.00
2216,Ginger,195.00
2217,Ginger,195.00
2218,Ginger,195.00
2219,Ginger,195.00
2220,Ginger,195.00
2221,Ginger,195.00
2222,Ginger,195.00
2223,Ginger,195.00
2224,Ginger,195.00
2225,Ginger,195.00
2226,Ginger,195.00
2227,Ginger,195.00
2228,Ginger,195.00
2229,Ginger,195.00
2230,Ginger,165.00
2231,Ginger,155.00
2232,Ginger,145.00
2233,Ginger,145.00
2234,Ginger,145.00
2235,Ginger,145.00
2236,Ginger,145.00
2237,Ginger,145.00
2238,Ginger,145.00
2239,Ginger,145.00
2240,Ginger,145.00
2241,Ginger,145.00
2242,Ginger,145.00
2243,Ginger,145.00
2244,Ginger,145.00
2245,Ginger,145.00
2246,Ginger,145.00
2247,Ginger,145.00
2248,Ginger,145.00
2249,Ginger,145.00
2250,Ginger,145.00
2251,Ginger,145.00
2252,Ginger,145.00
2253,Ginger,145.00
2254,Ginger,145.00
2255,Ginger,145.00
2256,Ginger,145.00
2257,Ginger,145.00
2258,Ginger,145.00
2259,Ginger,145.00
2260,Ginger,145.00
2261,Ginger,145.00
2262,Ginger,125.00
2263,Ginger,125.00
2264,Ginger,125.00
2265,Ginger,125.00
2266,Ginger,125.00
2267,Ginger,125.00
2268,Ginger,125.00
2269,Ginger,125.00
2270,Ginger,125.00
2271,Ginger,125.00
2272,Ginger,125.00
2273,Ginger,125.00
2274,Ginger,125.00
2275,Ginger,125.00
2276,Ginger,125.00
2277,Ginger,125.00
2278,Ginger,125.00
2279,Ginger,125.00
2280,Ginger,135.00
2281,Ginger,135.00
2282,Ginger,135.00
2283,Ginger,135.00
2284,Ginger,138.00
2285,Ginger,135.00
2286,Ginger,135.00
2287,Ginger,135.00
2288,Ginger,135.00
2289,Ginger,135.00
2290,Ginger,135.00
2291,Ginger,135.00
2292,Ginger,135.00
2293,Ginger,135.00
2294,Ginger,135.00
2295,Ginger,135.00
2296,Ginger,125.00
2297,Ginger,125.00
2298,Ginger,125.00
2299,Ginger,125.00
2300,Ginger,115.00
2301,Ginger,115.00
2302,Ginger,115.00
2303,Ginger,115.00
2304,Ginger,135.00
2305,Ginger,135.00
2306,Ginger,135.00
2307,Ginger,42.00
2308,Ginger,135.00
2309,Ginger,135.00
2310,Ginger,135.00
2311,Ginger,135.00
2312,Ginger,135.00
2313,Ginger,135.00
2314,Ginger,135.00
2315,Ginger,135.00
2316,Ginger,135.00
2317,Ginger,135.00
2318,Ginger,135.00
2319,Ginger,135.00
2320,Ginger,135.00
2321,Ginger,135.00
2322,Ginger,135.00
2323,Ginger,98.00
2324,Ginger,135.00
2325,Ginger,135.00
2326,Ginger,135.00
2327,Ginger,135.00
2328,Ginger,135.00
2329,Ginger,135.00
2330,Ginger,135.00
2331,Ginger,135.00
2332,Ginger,135.00
2333,Ginger,135.00
2334,Ginger,135.00
2335,Ginger,135.00
2336,Ginger,135.00
2337,Ginger,135.00
2338,Ginger,145.00
2339,Ginger,145.00
2340,Ginger,145.00
2341,Ginger,145.00
2342,Ginger,145.00
2343,Ginger,145.00
2344,Ginger,145.00
2345,Ginger,145.00
2346,Ginger,145.00
2347,Ginger,145.00
2348,Ginger,145.00
2349,Ginger,145.00
2350,Ginger,145.00
2351,Ginger,145.00
2352,Ginger,145.00
2353,Ginger,145.00
2354,Ginger,125.00
2355,Ginger,125.00
2356,Ginger,125.00
2357,Ginger,125.00
2358,Ginger,128.00
2359,Ginger,125.00
2360,Ginger,125.00
2361,Ginger,125.00
2362,Ginger,125.00
2363,Ginger,125.00
2364,Ginger,125.00
2365,Ginger,125.00
2366,Ginger,125.00
2367,Ginger,125.00
2368,Ginger,125.00
2369,Ginger,125.00
2370,Ginger,125.00
2371,Ginger,125.00
2372,Ginger,125.00
2373,Ginger,125.00
2374,Ginger,125.00
2375,Ginger,125.00
2376,Ginger,125.00
2377,Ginger,125.00
2378,Ginger,125.00
2379,Ginger,65.00
2380,Ginger,65.00
2381,Ginger,65.00
2382,Ginger,65.00
2383,Ginger,65.00
2384,Ginger,65.00
2385,Ginger,65.00
2386,Ginger,65.00
2387,Ginger,65.00
2388,Ginger,65.00
2389,Ginger,75.00
2390,Ginger,67.00
2391,Ginger,65.00
2392,Ginger,65.00
2393,Ginger,77.00
2394,Ginger,95.00
2395,Ginger,95.00
2396,Ginger,80.00
2397,Ginger,75.00
2398,Ginger,75.00
2399,Ginger,78.00
2400,Ginger,75.00
2401,Ginger,75.00
2402,Ginger,75.00
2403,Ginger,75.00
2404,Ginger,75.00
2405,Ginger,68.00
2406,Ginger,68.00
2407,Ginger,68.00
2408,Ginger,68.00
2409,Ginger,65.00
2410,Ginger,66.00
2411,Ginger,65.00
2412,Ginger,65.00
2413,Ginger,65.00
2414,Ginger,75.00
2415,Ginger,75.00
2416,Ginger,75.00
2417,Ginger,75.00
2418,Ginger,75.00
2419,Ginger,75.00
2420,Ginger,71.00
2421,Ginger,65.00
2422,Ginger,65.00
2423,Ginger,68.00
2424,Ginger,65.00
2425,Ginger,66.00
2426,Ginger,65.00
2427,Ginger,65.00
2428,Ginger,60.00
2429,Ginger,60.00
2430,Ginger,75.00
2431,Ginger,60.00
2432,Ginger,60.00
2433,Ginger,60.00
2434,Ginger,60.00
2435,Ginger,60.00
2436,Ginger,65.00
2437,Ginger,65.00
2438,Ginger,65.00
2439,Ginger,65.00
2440,Ginger,65.00
2441,Ginger,65.00
2442,Ginger,65.00
2443,Ginger,65.00
2444,Ginger,65.00
2445,Ginger,67.00
2446,Ginger,65.00
2447,Ginger,65.00
2448,Ginger,65.00
2449,Ginger,65.00
2450,Ginger,65.00
2451,Ginger,65.00
2452,Ginger,65.00
2453,Ginger,66.67
2454,Ginger,65.00
2455,Ginger,65.00
2456,Ginger,65.00
2457,Ginger,65.00
2458,Ginger,65.00
2459,Ginger,65.00
2460,Ginger,65.00
2461,Ginger,66.00
2462,Ginger,65.00
2463,Ginger,65.00
2464,Ginger,65.00
2465,Ginger,65.00
2466,Ginger,64.00
2467,Ginger,56.00
2468,Ginger,55.00
2469,Ginger,55.00
2470,Ginger,55.00
2471,Ginger,55.00
2472,Ginger,55.00
2473,Ginger,65.00
2474,Ginger,55.00
2475,Ginger,55.00
2476,Ginger,55.00
2477,Ginger,55.00
2478,Ginger,65.00
2479,Ginger,65.00
2480,Ginger,65.00
2481,Ginger,65.00
2482,Ginger,55.00
2483,Ginger,65.00
2484,Ginger,65.00
2485,Ginger,65.00
2486,Ginger,65.00
2487,Ginger,65.00
2488,Ginger,65.00
2489,Ginger,58.00
2490,Ginger,55.00
2491,Ginger,57.60
2492,Ginger,57.50
2493,Ginger,55.00
2494,Ginger,55.00
2495,Ginger,55.00
2496,Ginger,55.00
2497,Ginger,55.00
2498,Ginger,55.00
2499,Ginger,55.00
2500,Ginger,55.00
2501,Ginger,55.00
2502,Ginger,55.00
2503,Ginger,55.00
2504,Ginger,55.00
2505,Ginger,55.00
2506,Ginger,55.00
2507,Ginger,65.00
2508,Ginger,65.00
2509,Ginger,65.00
2510,Ginger,65.00
2511,Ginger,65.00
2512,Ginger,55.00
2513,Ginger,65.00
2514,Ginger,65.00
2515,Ginger,65.00
2516,Ginger,65.00
2517,Ginger,65.00
2518,Ginger,65.00
2519,Ginger,65.00
2520,Ginger,65.00
2521,Ginger,65.00
2522,Ginger,65.00
2523,Ginger,65.00
2524,Ginger,65.00
2525,Ginger,65.00
2526,Ginger,65.00
2527,Ginger,65.00
2528,Ginger,65.00
2529,Ginger,65.00
2530,Ginger,65.00
2531,Ginger,65.00
2532,Ginger,65.00
2533,Ginger,65.00
2534,Ginger,65.00
2535,Ginger,65.00
2536,Ginger,65.00
2537,Ginger,76.00
2538,Ginger,75.00
2539,Ginger,82.50
2540,Ginger,75.00
2541,Ginger,75.00
2542,Ginger,75.00
2543,Ginger,75.00
2544,Ginger,75.00
2545,Ginger,75.00
2546,Ginger,75.00
2547,Ginger,75.00
2548,Ginger,75.00
2549,Ginger,75.00
2550,Ginger,75.00
2551,Ginger,75.00
2552,Ginger,75.00
2553,Ginger,75.00
2554,Ginger,75.00
2555,Ginger,75.00
2556,Ginger,75.00
2557,Ginger,75.00
2558,Ginger,75.00
2559,Ginger,75.00
2560,Ginger,75.00
2561,Ginger,75.00
2562,Ginger,75.00
2563,Ginger,75.00
2564,Ginger,90.00
2565,Ginger,90.00
2566,Ginger,95.00
2567,Ginger,95.00
2568,Ginger,94.00
2569,Ginger,95.00
2570,Ginger,95.00
2571,Ginger,85.00
2572,Ginger,75.00
2573,Ginger,76.67
2574,Ginger,75.00
2575,Ginger,75.00
2576,Ginger,75.00
2577,Ginger,75.00
2578,Ginger,75.00
2579,Ginger,75.00
2580,Ginger,90.00
2581,Ginger,80.00
2582,Ginger,80.00
2583,Ginger,75.00
2584,Ginger,80.00
2585,Ginger,76.67
2586,Ginger,75.00
2587,Ginger,75.00
2588,Ginger,75.00
2589,Ginger,75.00
2590,Ginger,70.00
2591,Ginger,75.00
2592,Ginger,75.00
2593,Ginger,95.00
2594,Ginger,85.00
2595,Ginger,85.00
2596,Ginger,85.00
2597,Ginger,85.00
2598,Ginger,85.00
2599,Ginger,85.00
2600,Ginger,75.00
2601,Ginger,75.00
2602,Ginger,75.00
2603,Ginger,75.00
2604,Ginger,75.00
2605,Ginger,75.00
2606,Ginger,75.00
2607,Ginger,75.00
2608,Ginger,75.00
2609,Ginger,75.00
2610,Ginger,75.00
2611,Ginger,75.00
2612,Ginger,75.00
2613,Ginger,75.00
2614,Ginger,85.00
2615,Ginger,85.00
2616,Ginger,85.00
2617,Ginger,75.00
2618,Ginger,70.00
2619,Ginger,75.00
2620,Ginger,76.67
2621,Ginger,75.00
2622,Ginger,75.00
2623,Ginger,75.00
2624,Ginger,75.00
2625,Ginger,75.00
2626,Ginger,76.67
2627,Ginger,75.00
2628,Ginger,76.67
2629,Ginger,75.00
2630,Ginger,75.00
2631,Ginger,75.00
2632,Ginger,75.00
2633,Ginger,75.00
2634,Ginger,75.00
2635,Ginger,76.67
2636,Ginger,75.00
2637,Ginger,75.00
2638,Ginger,75.00
2639,Ginger,75.00
2640,Ginger,75.00
2641,Ginger,75.00
2642,Ginger,75.00
2643,Ginger,76.67
2644,Ginger,75.00
2645,Ginger,75.00
2646,Ginger,75.00
2647,Ginger,75.00
2648,Ginger,76.67
2649,Ginger,76.00
2650,Ginger,85.00
2651,Ginger,85.00
2652,Ginger,85.00
2653,Ginger,75.00
2654,Ginger,85.00
2655,Ginger,85.00
2656,Ginger,85.00
2657,Ginger,86.67
2658,Ginger,85.00
2659,Ginger,85.00
2660,Ginger,85.00
2661,Ginger,85.00
2662,Ginger,85.00
2663,Ginger,85.00
2664,Ginger,85.00
2665,Ginger,85.00
2666,Ginger,86.00
2667,Ginger,85.00
2668,Ginger,85.00
2669,Ginger,85.00
2670,Ginger,85.00
2671,Ginger,85.00
2672,Ginger,85.00
2673,Ginger,84.40
2674,Ginger,65.00
2675,Ginger,86.00
2676,Ginger,85.00
2677,Ginger,84.40
2678,Ginger,86.67
2679,Ginger,75.00
2680,Ginger,75.00
2681,Ginger,75.00
2682,Ginger,75.00
2683,Ginger,74.40
2684,Ginger,74.40
2685,Ginger,76.67
2686,Ginger,76.67
2687,Ginger,75.60
2688,Ginger,75.00
2689,Ginger,74.40
2690,Ginger,75.00
2691,Ginger,75.00
2692,Ginger,74.80
2693,Ginger,76.67
2694,Ginger,74.40
2695,Ginger,86.67
2696,Ginger,86.67
2697,Ginger,75.00
2698,Ginger,75.00
2699,Ginger,66.67
2700,Ginger,75.00
2701,Ginger,76.67
2702,Ginger,75.00
2703,Ginger,86.00
2704,Ginger,86.00
2705,Ginger,84.80
2706,Ginger,86.00
2707,Ginger,86.00
2708,Ginger,96.67
2709,Ginger,95.00
2710,Ginger,84.00
2711,Ginger,86.67
2712,Ginger,86.00
2713,Ginger,86.67
2714,Ginger,86.67
2715,Ginger,85.00
2716,Ginger,85.00
2717,Ginger,84.00
2718,Ginger,86.67
2719,Ginger,86.00
2720,Ginger,86.00
2721,Ginger,86.67
2722,Ginger,86.67
2723,Ginger,86.67
2724,Ginger,86.67
2725,Ginger,55.00
2726,Ginger,55.00
2727,Ginger,50.00
2728,Ginger,46.00
2729,Ginger,46.00
2730,Ginger,45.00
2731,Ginger,46.00
2732,Ginger,54.00
2733,Ginger,49.00
2734,Ginger,55.00
2735,Ginger,55.00
2736,Ginger,55.00
2737,Ginger,55.00
2738,Ginger,56.67
2739,Ginger,45.00
2740,Ginger,45.00
2741,Ginger,45.00
2742,Ginger,43.00
2743,Ginger,45.00
2744,Ginger,55.00
2745,Ginger,45.00
2746,Ginger,45.00
2747,Ginger,45.00
2748,Ginger,45.00
2749,Ginger,46.00
2750,Ginger,46.00
2751,Ginger,45.00
2752,Ginger,46.00
2753,Ginger,43.33
2754,Ginger,64.00
2755,Ginger,66.00
2756,Ginger,56.00
2757,Ginger,56.00
2758,Ginger,55.00
2759,Ginger,56.00
2760,Ginger,56.67
2761,Ginger,56.00
2762,Ginger,46.00
2763,Ginger,45.00
2764,Ginger,46.67
2765,Ginger,45.00
2766,Ginger,45.00
2767,Ginger,46.00
2768,Ginger,46.00
2769,Ginger,46.00
2770,Ginger,45.00
2771,Ginger,46.67
2772,Ginger,46.67
2773,Ginger,46.00
2774,Ginger,46.00
2775,Ginger,46.00
2776,Ginger,49.00
2777,Ginger,46.67
2778,Ginger,44.00
2779,Ginger,55.00
2780,Ginger,45.00
2781,Ginger,44.00
2782,Ginger,44.00
2783,Ginger,45.00
2784,Ginger,43.00
2785,Ginger,44.00
2786,Ginger,45.00
2787,Ginger,43.00
2788,Ginger,38.00
2789,Ginger,37.50
2790,Ginger,37.50
2791,Ginger,38.00
2792,Ginger,45.00
2793,Ginger,45.00
2794,Ginger,45.00
2795,Ginger,45.00
2796,Ginger,45.00
2797,Ginger,45.00
2798,Ginger,46.00
2799,Ginger,45.00
2800,Ginger,45.00
2801,Ginger,45.00
2802,Ginger,45.00
2803,Ginger,45.00
2804,Ginger,45.00
2805,Ginger,45.00
2806,Ginger,45.00
2807,Ginger,45.00
2808,Ginger,45.00
2809,Ginger,45.00
2810,Ginger,45.00
2811,Ginger,39.00
2812,Ginger,39.00
2813,Ginger,40.00
2814,Ginger,39.00
2815,Ginger,35.00
2816,Ginger,35.00
2817,Ginger,35.00
2818,Ginger,40.00
2819,Ginger,40.00
2820,Ginger,40.00
2821,Ginger,34.00
2822,Ginger,35.00
2823,Ginger,35.00
2824,Ginger,40.00
2825,Ginger,40.00
2826,Ginger,45.00
2827,Ginger,45.00
2828,Ginger,40.00
2829,Ginger,40.00
2830,Ginger,40.00
2831,Ginger,40.00
2832,Ginger,40.00
2833,Ginger,40.00
2834,Ginger,35.00
2835,Ginger,40.00
2836,Ginger,40.00
2837,Ginger,34.00
2838,Ginger,35.00
2839,Ginger,36.00
2840,Ginger,35.00
2841,Ginger,35.00
2842,Ginger,45.00
2843,Ginger,35.00
2844,Ginger,35.00
2845,Ginger,35.00
2846,Ginger,35.00
2847,Ginger,35.00
2848,Ginger,35.00
2849,Ginger,35.00
2850,Ginger,35.00
2851,Ginger,35.00
2852,Ginger,35.00
2853,Ginger,35.00
2854,Ginger,35.00
2855,Ginger,35.00
2856,Ginger,35.00
2857,Ginger,40.00
2858,Ginger,35.00
2859,Ginger,35.00
2860,Ginger,35.00
2861,Ginger,35.00
2862,Ginger,35.00
2863,Ginger,35.00
2864,Ginger,35.00
2865,Ginger,35.00
2866,Ginger,35.00
2867,Ginger,35.00
2868,Ginger,40.00
2869,Ginger,40.00
2870,Ginger,40.00
2871,Ginger,40.00
2872,Ginger,40.00
2873,Ginger,40.00
2874,Ginger,40.00
2875,Ginger,45.00
2876,Ginger,45.00
2877,Ginger,45.00
2878,Ginger,45.00
2879,Ginger,45.00
2880,Ginger,45.00
2881,Ginger,45.00
2882,Ginger,45.00
2883,Ginger,40.00
2884,Ginger,40.00
2885,Ginger,40.00
2886,Ginger,40.00
2887,Ginger,45.00
2888,Ginger,45.00
2889,Ginger,45.00
2890,Ginger,45.00
2891,Ginger,45.00
2892,Ginger,45.00
2893,Ginger,35.00
2894,Ginger,35.00
2895,Ginger,35.00
2896,Ginger,35.00
2897,Ginger,35.00
2898,Ginger,35.00
2899,Ginger,35.00
2900,Ginger,45.00
2901,Ginger,45.00
2902,Ginger,45.00
2903,Ginger,45.00
2904,Ginger,45.00
2905,Ginger,45.00
2906,Ginger,45.00
2907,Ginger,45.00
2908,Ginger,45.00
2909,Ginger,45.00
2910,Ginger,45.00
2911,Ginger,46.00
2912,Ginger,46.00
2913,Ginger,45.00
2914,Ginger,45.00
2915,Ginger,45.00
2916,Ginger,45.00
2917,Ginger,45.00
2918,Ginger,45.00
2919,Ginger,55.00
2920,Ginger,55.00
2921,Ginger,55.00
2922,Ginger,55.00
2923,Ginger,55.00
2924,Ginger,55.00
2925,Ginger,55.00
2926,Ginger,55.00
2927,Ginger,76.67
2928,Ginger,66.67
2929,Ginger,66.00
2930,Ginger,65.00
2931,Ginger,55.00
2932,Ginger,55.00
2933,Ginger,55.00
2934,Ginger,55.00
2935,Ginger,56.67
2936,Ginger,56.67
2937,Ginger,55.00
2938,Ginger,56.67
2939,Ginger,55.00
2940,Ginger,55.00
2941,Ginger,65.00
2942,Ginger,66.67
2943,Ginger,55.00
2944,Ginger,56.67
2945,Ginger,56.67
2946,Ginger,53.33
2947,Ginger,54.00
2948,Ginger,55.00
2949,Ginger,56.00
2950,Ginger,56.00
2951,Ginger,55.00
2952,Ginger,56.67
2953,Ginger,55.00
2954,Ginger,56.67
2955,Ginger,55.00
2956,Ginger,65.00
2957,Ginger,65.00
2958,Ginger,65.00
2959,Ginger,65.00
2960,Ginger,65.00
2961,Ginger,65.00
2962,Ginger,65.00
2963,Ginger,65.00
2964,Ginger,66.67
2965,Ginger,65.00
2966,Ginger,65.00
2967,Ginger,75.00
2968,Ginger,75.00
2969,Ginger,75.00
2970,Ginger,65.00
2971,Ginger,65.00
2972,Ginger,65.00
2973,Ginger,65.00
2974,Ginger,75.00
2975,Ginger,75.00
2976,Ginger,65.00
2977,Ginger,75.00
2978,Ginger,65.00
2979,Ginger,55.00
2980,Ginger,57.50
2981,Ginger,65.00
2982,Ginger,65.00
2983,Ginger,65.00
2984,Ginger,75.00
2985,Ginger,65.00
2986,Ginger,55.00
2987,Ginger,65.00
2988,Ginger,65.00
2989,Ginger,65.00
2990,Ginger,65.00
2991,Ginger,65.00
2992,Ginger,65.00
2993,Ginger,66.00
2994,Ginger,65.00
2995,Ginger,65.00
2996,Ginger,65.00
2997,Ginger,66.67
2998,Ginger,65.00
2999,Ginger,65.00
3000,Ginger,65.00
3001,Ginger,66.67
3002,Ginger,65.00
3003,Ginger,65.00
3004,Ginger,65.00
3005,Ginger,66.67
3006,Ginger,65.00
3007,Ginger,65.00
3008,Ginger,65.00
3009,Ginger,65.00
3010,Ginger,65.00
3011,Ginger,55.00
3012,Ginger,55.00
3013,Ginger,55.00
3014,Ginger,55.00
3015,Ginger,55.00
3016,Ginger,55.00
3017,Ginger,55.00
3018,Ginger,56.67
3019,Ginger,55.00
3020,Ginger,55.00
3021,Ginger,56.67
3022,Ginger,55.00
3023,Ginger,55.00
3024,Ginger,55.00
3025,Ginger,56.67
3026,Ginger,56.67
3027,Ginger,55.00
3028,Ginger,65.00
3029,Ginger,75.00
3030,Ginger,75.00
3031,Ginger,65.00
3032,Ginger,65.00
3033,Ginger,65.00
3034,Ginger,65.00
3035,Ginger,65.00
3036,Ginger,66.67
3037,Ginger,65.00
3038,Ginger,65.00
3039,Ginger,65.00
3040,Ginger,66.67
3041,Ginger,65.00
3042,Ginger,75.00
3043,Ginger,75.00
3044,Ginger,65.00
3045,Ginger,65.00
3046,Ginger,66.00
3047,Ginger,65.00
3048,Ginger,65.00
3049,Ginger,65.00
3050,Ginger,75.00
3051,Ginger,75.00
3052,Ginger,76.00
3053,Ginger,75.00
3054,Ginger,75.00
3055,Ginger,75.00
3056,Ginger,75.00
3057,Ginger,75.00
3058,Ginger,75.00
3059,Ginger,75.00
3060,Ginger,75.00
3061,Ginger,85.00
3062,Ginger,85.00
3063,Ginger,85.00
3064,Ginger,95.00
3065,Ginger,95.00
3066,Ginger,95.00
3067,Ginger,96.67
3068,Ginger,95.00
3069,Ginger,75.00
3070,Ginger,96.67
3071,Ginger,96.67
3072,Ginger,96.67
3073,Ginger,75.00
3074,Ginger,75.00
3075,Ginger,76.67
3076,Ginger,76.67
3077,Ginger,65.00
3078,Ginger,65.00
3079,Ginger,75.00
3080,Ginger,75.00
3081,Ginger,75.00
3082,Ginger,75.00
3083,Ginger,65.00
3084,Ginger,65.00
3085,Ginger,76.67
3086,Ginger,75.00
3087,Ginger,76.67
3088,Ginger,76.67
3089,Ginger,66.67
3090,Ginger,65.00
3091,Ginger,76.00
3092,Ginger,66.67
3093,Ginger,66.67
3094,Ginger,45.00
3095,Ginger,46.67
3096,Ginger,46.67
3097,Ginger,46.00
3098,Ginger,45.00
3099,Ginger,46.67
3100,Ginger,55.00
3101,Ginger,56.67
3102,Ginger,56.67
3103,Ginger,56.67
3104,Ginger,55.00
3105,Ginger,56.67
3106,Ginger,55.00
3107,Ginger,55.00
3108,Ginger,55.00
3109,Ginger,45.00
3110,Ginger,45.00
3111,Ginger,45.00
3112,Ginger,45.00
3113,Ginger,45.00
3114,Ginger,45.00
3115,Ginger,45.00
3116,Ginger,45.00
3117,Ginger,46.67
3118,Ginger,45.00
3119,Ginger,45.00
3120,Ginger,45.00
3121,Ginger,45.00
3122,Ginger,45.00
3123,Ginger,45.00
3124,Ginger,40.00
3125,Ginger,40.00
3126,Ginger,45.00
3127,Ginger,35.00
3128,Ginger,35.00
3129,Ginger,35.00
3130,Ginger,35.00
3131,Ginger,35.00
3132,Ginger,35.00
3133,Ginger,35.00
3134,Ginger,45.00
3135,Ginger,55.00
3136,Ginger,45.00
3137,Ginger,45.00
3138,Ginger,55.00
3139,Ginger,55.00
3140,Ginger,56.00
3141,Ginger,56.67
3142,Ginger,55.00
3143,Ginger,55.00
3144,Ginger,55.00
3145,Ginger,56.67
3146,Ginger,56.67
3147,Ginger,55.00
3148,Ginger,55.00
3149,Ginger,56.67
3150,Ginger,55.00
3151,Ginger,56.00
3152,Ginger,55.00
3153,Ginger,65.00
3154,Ginger,65.00
3155,Ginger,66.67
3156,Ginger,66.00
3157,Ginger,64.00
3158,Ginger,56.00
3159,Ginger,65.00
3160,Ginger,55.00
3161,Ginger,55.00
3162,Ginger,55.00
3163,Ginger,55.00
3164,Ginger,56.00
3165,Ginger,65.00
3166,Ginger,55.00
3167,Ginger,56.67
3168,Ginger,56.25
3169,Ginger,55.00
3170,Ginger,55.00
3171,Ginger,56.67
3172,Ginger,56.67
3173,Ginger,55.00
3174,Ginger,55.00
3175,Ginger,58.00
3176,Ginger,65.00
3177,Ginger,65.00
3178,Ginger,56.67
3179,Ginger,57.50
3180,Ginger,55.00
3181,Ginger,55.00
3182,Ginger,56.67
3183,Ginger,56.67
3184,Ginger,65.00
3185,Ginger,65.00
3186,Ginger,65.00
3187,Ginger,65.00
3188,Ginger,65.00
3189,Ginger,66.67
3190,Ginger,65.00
3191,Ginger,65.00
3192,Ginger,65.00
3193,Ginger,66.67
3194,Ginger,65.00
3195,Ginger,65.00
3196,Ginger,66.67
3197,Ginger,65.00
3198,Ginger,65.00
3199,Ginger,66.00
3200,Ginger,66.00
3201,Ginger,66.00
3202,Ginger,66.00
3203,Ginger,66.67
3204,Ginger,65.00
3205,Ginger,75.00
3206,Ginger,76.00
3207,Ginger,76.00
3208,Ginger,76.00
3209,Ginger,74.00
3210,Ginger,76.00
3211,Ginger,76.00
3212,Ginger,75.00
3213,Ginger,76.00
3214,Ginger,96.00
3215,Ginger,95.00
3216,Ginger,95.00
3217,Ginger,85.00
3218,Ginger,96.00
3219,Ginger,95.00
3220,Ginger,95.00
3221,Ginger,96.67
3222,Ginger,95.00
3223,Ginger,95.00
3224,Ginger,96.67
3225,Ginger,96.67
3226,Ginger,86.67
3227,Ginger,85.00
3228,Ginger,94.00
3229,Ginger,95.00
3230,Ginger,96.00
3231,Ginger,86.00
3232,Ginger,96.67
3233,Ginger,85.00
3234,Ginger,96.00
3235,Ginger,95.00
3236,Ginger,95.00
3237,Ginger,85.00
3238,Ginger,85.00
3239,Ginger,76.67
3240,Ginger,86.67
3241,Ginger,86.00
3242,Ginger,86.67
3243,Ginger,85.00
3244,Ginger,95.00
3245,Ginger,105.00
3246,Ginger,110.00
3247,Ginger,110.00
3248,Ginger,95.00
3249,Ginger,95.00
3250,Ginger,96.67
3251,Ginger,106.67
3252,Ginger,100.00
3253,Ginger,85.00
3254,Ginger,95.00
3255,Ginger,96.67
3256,Ginger,95.00
3257,Ginger,95.00
3258,Ginger,105.00
3259,Ginger,105.00
3260,Ginger,105.00
3261,Ginger,95.00
3262,Ginger,96.00
3263,Ginger,105.00
3264,Ginger,110.00
3265,Ginger,110.00
3266,Ginger,115.00
3267,Ginger,114.00
3268,Ginger,115.00
3269,Ginger,115.00
3270,Ginger,115.00
3271,Ginger,115.00
3272,Ginger,115.00
3273,Ginger,115.00
3274,Ginger,115.00
3275,Ginger,115.00
3276,Ginger,115.00
3277,Ginger,115.00
3278,Ginger,115.00
3279,Ginger,115.00
3280,Ginger,115.00
3281,Ginger,125.00
3282,Ginger,125.00
3283,Ginger,125.00
3284,Ginger,115.00
3285,Ginger,115.00
3286,Ginger,115.00
3287,Ginger,115.00
3288,Ginger,115.00
3289,Ginger,115.00
3290,Ginger,115.00
3291,Ginger,115.00
3292,Ginger,135.00
3293,Ginger,125.00
3294,Ginger,125.00
3295,Ginger,125.00
3296,Ginger,125.00
3297,Ginger,135.00
3298,Ginger,135.00
3299,Ginger,135.00
3300,Ginger,195.00
3301,Ginger,195.00
3302,Ginger,195.00
3303,Ginger,195.00
3304,Ginger,195.00
3305,Ginger,213.33
3306,Ginger,175.00
3307,Ginger,175.00
3308,Ginger,175.00
3309,Ginger,175.00
3310,Ginger,180.00
3311,Ginger,175.00
3312,Ginger,190.00
3313,Ginger,180.00
3314,Ginger,180.00
3315,Ginger,180.00
3316,Ginger,175.00
3317,Ginger,225.00
3318,Ginger,262.00
3319,Ginger,266.67
3320,Ginger,275.00
3321,Ginger,275.00
3322,Ginger,275.00
3323,Ginger,280.00
3324,Ginger,280.00
3325,Ginger,280.00
3326,Ginger,290.00
3327,Ginger,280.00
3328,Ginger,270.00
3329,Ginger,262.50
3330,Ginger,270.00
3331,Ginger,262.50
3332,Ginger,260.00
3333,Ginger,263.33
3334,Ginger,270.00
3335,Ginger,247.50
3336,Ginger,240.00
3337,Ginger,250.00
3338,Ginger,250.00
3339,Ginger,246.00
3340,Ginger,245.00
3341,Ginger,255.00
3342,Ginger,240.00
3343,Ginger,245.00
3344,Ginger,230.00
3345,Ginger,245.00
3346,Ginger,240.00
3347,Ginger,240.00
3348,Ginger,245.00
3349,Ginger,292.00
3350,Ginger,305.00
3351,Ginger,304.00
3352,Ginger,310.00
3353,Ginger,304.00
3354,Ginger,300.00
3355,Ginger,312.00
3356,Ginger,312.00
3357,Ginger,312.00
3358,Ginger,312.00
3359,Ginger,296.00
3360,Ginger,304.00
3361,Ginger,296.67
3362,Ginger,312.00
3363,Ginger,300.00
3364,Ginger,300.00
3365,Ginger,304.00
3366,Ginger,300.00
3367,Ginger,300.00
3368,Ginger,300.00
3369,Ginger,312.00
3370,Ginger,300.00
3371,Ginger,310.00
3372,Ginger,300.00
3373,Ginger,304.00
3374,Ginger,300.00
3375,Ginger,296.67
3376,Ginger,292.00
3377,Ginger,292.00
3378,Ginger,290.00
3379,Ginger,290.00
3380,Ginger,288.00
3381,Ginger,250.00
3382,Ginger,250.00
3383,Ginger,270.00
3384,Ginger,270.00
3385,Ginger,265.00
3386,Ginger,276.00
3387,Ginger,270.00
3388,Ginger,270.00
3389,Ginger,270.00
3390,Ginger,276.00
3391,Ginger,276.67
3392,Ginger,260.00
3393,Ginger,256.67
3394,Ginger,258.00
3395,Ginger,256.00
3396,Ginger,255.00
3397,Ginger,270.00
3398,Ginger,270.00
3399,Ginger,264.00
3400,Ginger,264.00
3401,Ginger,270.00
3402,Ginger,260.00
3403,Ginger,266.67
3404,Ginger,264.00
3405,Ginger,263.33
3406,Ginger,264.00
3407,Ginger,265.00
3408,Ginger,264.00
3409,Ginger,264.00
3410,Ginger,263.33
3411,Ginger,265.00
3412,Ginger,264.00
3413,Ginger,265.00
3414,Ginger,265.00
3415,Ginger,265.00
3416,Ginger,264.00
3417,Ginger,263.33
3418,Ginger,280.00
3419,Ginger,280.00
3420,Ginger,280.00
3421,Ginger,267.50
3422,Ginger,264.00
3423,Ginger,265.00
3424,Ginger,263.33
3425,Ginger,265.00
3426,Ginger,272.00
3427,Ginger,275.00
3428,Ginger,240.00
3429,Ginger,208.00
3430,Ginger,205.00
3431,Ginger,190.00
3432,Ginger,180.00
3433,Ginger,176.00
3434,Ginger,160.00
3435,Ginger,150.00
3436,Ginger,160.00
3437,Ginger,155.00
3438,Ginger,155.00
3439,Ginger,156.67
3440,Ginger,152.00
3441,Ginger,152.50
3442,Ginger,155.00
3443,Ginger,170.00
3444,Ginger,170.00
3445,Ginger,170.00
3446,Ginger,162.50
3447,Ginger,170.00
3448,Ginger,170.00
3449,Ginger,170.00
3450,Ginger,170.00
3451,Ginger,170.00
3452,Ginger,170.00
3453,Ginger,175.00
3454,Ginger,170.00
3455,Ginger,167.50
3456,Ginger,170.00
3457,Ginger,170.00
3458,Ginger,170.00
3459,Ginger,168.33
3460,Ginger,170.00
3461,Ginger,170.00
3462,Ginger,170.00
3463,Ginger,170.00
3464,Ginger,170.00
3465,Ginger,176.00
3466,Ginger,175.00
3467,Ginger,170.00
3468,Ginger,150.00
3469,Ginger,148.00
3470,Ginger,144.00
3471,Ginger,138.00
3472,Ginger,140.00
3473,Ginger,145.00
3474,Ginger,137.50
3475,Ginger,140.00
3476,Ginger,140.00
3477,Ginger,136.00
3478,Ginger,140.00
3479,Ginger,150.00
3480,Ginger,140.00
3481,Ginger,150.00
3482,Ginger,155.00
3483,Ginger,150.00
3484,Ginger,150.00
3485,Ginger,150.00
3486,Ginger,170.00
3487,Ginger,170.00
3488,Ginger,156.00
3489,Ginger,166.00
3490,Ginger,170.00
3491,Ginger,170.00
3492,Ginger,156.00
3493,Ginger,156.00
3494,Ginger,160.00
3495,Ginger,140.00
3496,Ginger,162.00
3497,Ginger,152.00
3498,Ginger,156.00
3499,Ginger,158.00
3500,Ginger,155.00
3501,Ginger,152.00
3502,Ginger,156.67
3503,Ginger,156.67
3504,Ginger,156.67
3505,Ginger,156.67
3506,Ginger,156.67
3507,Ginger,156.67
3508,Ginger,155.00
3509,Ginger,155.00
3510,Ginger,155.00
3511,Ginger,152.00
3512,Ginger,155.00
3513,Ginger,160.00
3514,Ginger,160.00
3515,Ginger,160.00
3516,Ginger,158.00
3517,Ginger,160.00
3518,Ginger,160.00
3519,Ginger,162.00
3520,Ginger,160.00
3521,Ginger,160.00
3522,Ginger,160.00
3523,Ginger,160.00
3524,Ginger,160.00
3525,Ginger,160.00
3526,Ginger,160.00
3527,Ginger,156.67
3528,Ginger,160.00
3529,Ginger,160.00
3530,Ginger,160.00
3531,Ginger,160.00
3532,Ginger,160.00
3533,Ginger,160.00
3534,Ginger,160.00
3535,Ginger,160.00
3536,Ginger,160.00
3537,Ginger,160.00
3538,Ginger,160.00
3539,Ginger,160.00
3540,Ginger,160.00
3541,Ginger,160.00
3542,Ginger,156.00
3543,Ginger,155.00
3544,Ginger,148.00
3545,Ginger,154.00
3546,Ginger,150.00
3547,Ginger,152.00
3548,Ginger,150.00
3549,Ginger,148.00
3550,Ginger,150.00
3551,Ginger,148.00
3552,Ginger,152.00
3553,Ginger,150.00
3554,Ginger,152.00
3555,Ginger,145.00
3556,Ginger,154.00
3557,Ginger,155.00
3558,Ginger,156.00
3559,Ginger,155.00
3560,Ginger,156.00
3561,Ginger,156.67
3562,Ginger,155.00
3563,Ginger,155.00
3564,Ginger,155.00
3565,Ginger,156.67
3566,Ginger,156.67
3567,Ginger,160.00
3568,Ginger,158.00
3569,Ginger,160.00
3570,Ginger,156.00
3571,Ginger,155.00
3572,Ginger,158.00
3573,Ginger,170.00
3574,Ginger,176.00
3575,Ginger,190.00
3576,Ginger,190.00
3577,Ginger,190.00
3578,Ginger,190.00
3579,Ginger,190.00
3580,Ginger,190.00
3581,Ginger,190.00
3582,Ginger,190.00
3583,Ginger,190.00
3584,Ginger,210.00
3585,Ginger,210.00
3586,Ginger,230.00
3587,Ginger,230.00
3588,Ginger,235.00
3589,Ginger,235.00
3590,Ginger,233.33
3591,Ginger,236.67
3592,Ginger,233.33
3593,Ginger,233.33
3594,Ginger,233.33
3595,Ginger,233.33
3596,Ginger,233.33
3597,Ginger,230.00
3598,Ginger,230.00
3599,Ginger,210.00
3600,Ginger,210.00
3601,Ginger,210.00
3602,Ginger,210.00
3603,Ginger,210.00
3604,Ginger,210.00
3605,Ginger,210.00
3606,Ginger,230.00
3607,Ginger,210.00
3608,Ginger,210.00
3609,Ginger,210.00
3610,Ginger,210.00
3611,Ginger,210.00
3612,Ginger,210.00
